{"type":"FeatureCollection","features":[{"type":"Feature","properties":{"departamento":"AMAZONAS","coddep":"01","nombre":"Amazonas"},"geometry":{"type":"MultiPolygon","coordinates":[[[[-77.814,-2.9928],[-77.7877,-3.0748],[-77.7725,-3.4288],[-77.7151,-3.5149],[-77.7165,-3.5423],[-77.6667,-3.5719],[-77.643,-3.6193],[-77.62,-3.6224],[-77.6156,-3.7077],[-77.6519,-3.7806],[-77.5615,-3.8762],[-77.569,-3.8931],[-77.5379,-3.9619],[-77.5484,-4.1054],[-77.5856,-4.2513],[-77.5683,-4.4209],[-77.5891,-4.4805],[-77.6406,-4.4965],[-77.6555,-4.5185],[-77.6526,-4.5746],[-77.6726,-4.6305],[-77.7719,-4.7176],[-77.7947,-4.7602],[-77.7991,-4.8246],[-77.7602,-4.9093],[-77.7584,-4.9501],[-77.8246,-5.0318],[-77.8118,-5.0563],[-77.8218,-5.0857],[-77.7743,-5.0972],[-77.6953,-5.1647],[-77.7397,-5.2119],[-77.6963,-5.2588],[-77.6821,-5.3384],[-77.7028,-5.3807],[-77.696,-5.4116],[-77.7448,-5.4069],[-77.7685,-5.438],[-77.7488,-5.4599],[-77.7706,-5.4782],[-77.757,-5.5139],[-77.7658,-5.539],[-77.7364,-5.6093],[-77.7751,-5.6897],[-77.7594,-5.7298],[-77.7724,-5.7534],[-77.7639,-5.8197],[-77.7264,-5.844],[-77.6815,-5.8495],[-77.6831,-5.8776],[-77.6519,-5.9353],[-77.6699,-5.9794],[-77.6391,-6.0011],[-77.5965,-6.0053],[-77.5964,-6.0333],[-77.5668,-6.0281],[-77.5338,-6.0634],[-77.4741,-5.9998],[-77.4321,-6.0619],[-77.4193,-6.0324],[-77.3955,-6.0394],[-77.3805,-6.08],[-77.3587,-6.0728],[-77.3464,-6.1143],[-77.2805,-6.1422],[-77.2244,-6.1455],[-77.2021,-6.1797],[-77.2192,-6.1943],[-77.2116,-6.2158],[-77.1389,-6.2917],[-77.1323,-6.3226],[-77.1717,-6.3812],[-77.2215,-6.3811],[-77.2437,-6.3381],[-77.2867,-6.331],[-77.2732,-6.4065],[-77.3264,-6.468],[-77.3448,-6.5472],[-77.3805,-6.5692],[-77.3939,-6.6027],[-77.4379,-6.6025],[-77.3817,-6.6976],[-77.4056,-6.7262],[-77.4565,-6.6805],[-77.5441,-6.677],[-77.5688,-6.6382],[-77.6123,-6.6123],[-77.6429,-6.6219],[-77.6884,-6.6774],[-77.7399,-6.6469],[-77.7481,-6.7449],[-77.7319,-6.7835],[-77.7647,-6.7998],[-77.7073,-6.9088],[-77.7589,-6.9645],[-77.7793,-6.9415],[-77.8019,-6.9661],[-77.8334,-6.9568],[-77.8433,-6.977],[-77.8803,-6.9625],[-77.9287,-6.9868],[-77.9836,-6.9631],[-78.0016,-6.9695],[-77.9994,-6.941],[-78.0136,-6.9317],[-78.0008,-6.8673],[-78.0309,-6.8477],[-78.0137,-6.8213],[-78.0447,-6.6922],[-78.1072,-6.6434],[-78.1167,-6.578],[-78.1376,-6.5632],[-78.1522,-6.4998],[-78.1738,-6.4937],[-78.19,-6.457],[-78.21,-6.458],[-78.2435,-6.4017],[-78.2771,-6.3991],[-78.2913,-6.3725],[-78.3326,-6.3523],[-78.3354,-6.3187],[-78.3693,-6.2733],[-78.3701,-6.2391],[-78.4154,-6.2126],[-78.4178,-6.1905],[-78.5102,-6.077],[-78.5829,-6.0789],[-78.6005,-6.0656],[-78.6112,-6.0166],[-78.6959,-5.8885],[-78.7123,-5.8287],[-78.6918,-5.7507],[-78.6514,-5.7261],[-78.6852,-5.6967],[-78.6248,-5.6394],[-78.583,-5.5507],[-78.5502,-5.5331],[-78.5576,-5.4952],[-78.4538,-5.4261],[-78.4483,-5.3979],[-78.5037,-5.412],[-78.5815,-5.3077],[-78.6384,-5.3053],[-78.6544,-5.2743],[-78.6852,-5.2656],[-78.7109,-5.1557],[-78.6955,-5.0935],[-78.6405,-5.0342],[-78.6514,-4.9786],[-78.6783,-4.9684],[-78.6451,-4.9075],[-78.6319,-4.8364],[-78.6419,-4.8024],[-78.6207,-4.7679],[-78.6283,-4.7397],[-78.645,-4.7348],[-78.6379,-4.6564],[-78.6677,-4.6545],[-78.706,-4.6229],[-78.6558,-4.5849],[-78.6611,-4.5301],[-78.6358,-4.5009],[-78.6232,-4.4417],[-78.6004,-4.4275],[-78.6027,-4.411],[-78.6341,-4.4152],[-78.6526,-4.3348],[-78.5985,-4.2579],[-78.609,-4.2261],[-78.5773,-4.1955],[-78.5812,-4.1349],[-78.5372,-4.0616],[-78.5677,-4.0451],[-78.5657,-3.992],[-78.5245,-3.9373],[-78.4888,-3.9338],[-78.4659,-3.8275],[-78.436,-3.8191],[-78.4094,-3.7824],[-78.4025,-3.7354],[-78.4218,-3.7241],[-78.4234,-3.6932],[-78.3932,-3.6772],[-78.4008,-3.6504],[-78.3863,-3.6401],[-78.3998,-3.6062],[-78.3554,-3.4944],[-78.3464,-3.3824],[-78.2462,-3.4023],[-78.2314,-3.4988],[-78.2173,-3.5089],[-78.1484,-3.4804],[-78.1549,-3.4116],[-78.1777,-3.4101],[-78.1957,-3.3608],[-78.1368,-3.3265],[-78.0907,-3.2343],[-78.0127,-3.1788],[-77.9408,-3.0655],[-77.8401,-3.0082],[-77.8446,-2.998],[-77.814,-2.9928]]]]}},{"type":"Feature","properties":{"departamento":"ANCASH","coddep":"02","nombre":"Áncash"},"geometry":{"type":"MultiPolygon","coordinates":[[[[-77.647,-8.0509],[-77.6188,-8.0798],[-77.6367,-8.1086],[-77.557,-8.1942],[-77.575,-8.2309],[-77.5312,-8.2433],[-77.5277,-8.2671],[-77.4914,-8.2826],[-77.4783,-8.3261],[-77.4589,-8.3357],[-77.4384,-8.4223],[-77.4055,-8.4415],[-77.3995,-8.4834],[-77.3349,-8.533],[-77.312,-8.5311],[-77.2887,-8.5898],[-77.2936,-8.637],[-77.2606,-8.6485],[-77.2482,-8.7273],[-77.1743,-8.8345],[-77.1648,-8.8891],[-77.1057,-8.9492],[-77.11,-8.97],[-77.0357,-9.0],[-76.9802,-9.063],[-76.9293,-9.0706],[-76.8701,-9.1141],[-76.79,-9.1359],[-76.7369,-9.2041],[-76.726,-9.2562],[-76.7455,-9.2967],[-76.7408,-9.3308],[-76.7656,-9.3673],[-76.8155,-9.3265],[-76.834,-9.266],[-76.8467,-9.2642],[-76.9352,-9.3985],[-76.9303,-9.4332],[-76.9533,-9.4675],[-76.9376,-9.5254],[-76.9551,-9.5603],[-76.9802,-9.564],[-76.9952,-9.6033],[-77.0472,-9.6325],[-77.0206,-9.7113],[-76.9743,-9.7602],[-76.981,-9.7246],[-76.9414,-9.7059],[-76.9016,-9.7697],[-76.8978,-9.8093],[-76.8419,-9.9306],[-76.8138,-9.9601],[-76.825,-10.0092],[-76.8072,-10.0845],[-76.8432,-10.0868],[-76.8536,-10.1018],[-76.8713,-10.0943],[-76.8799,-10.1166],[-76.9157,-10.1204],[-76.9062,-10.2742],[-76.936,-10.2785],[-76.9655,-10.3054],[-77.0036,-10.2821],[-77.0247,-10.3275],[-77.0716,-10.3381],[-77.1121,-10.4048],[-77.1746,-10.4646],[-77.1673,-10.5081],[-77.191,-10.5521],[-77.2522,-10.5453],[-77.3106,-10.5677],[-77.3953,-10.6615],[-77.3953,-10.7178],[-77.4915,-10.746],[-77.5239,-10.735],[-77.5912,-10.7864],[-77.5631,-10.7094],[-77.5906,-10.6456],[-77.5743,-10.5884],[-77.6049,-10.5901],[-77.6195,-10.6142],[-77.6453,-10.5829],[-77.6013,-10.5093],[-77.6247,-10.502],[-77.6514,-10.5301],[-77.694,-10.5395],[-77.7101,-10.5602],[-77.7276,-10.5527],[-77.7342,-10.5681],[-77.7467,-10.5531],[-77.7379,-10.5208],[-77.7106,-10.5038],[-77.6867,-10.434],[-77.5978,-10.381],[-77.6194,-10.3278],[-77.6317,-10.3222],[-77.6513,-10.3446],[-77.6924,-10.3209],[-77.7525,-10.3219],[-77.7499,-10.4068],[-77.7988,-10.4773],[-77.7707,-10.5157],[-77.7714,-10.5716],[-77.7997,-10.5853],[-77.8397,-10.5679],[-77.8863,-10.612],[-77.9082,-10.5443],[-77.9656,-10.493],[-77.9804,-10.4394],[-78.0144,-10.4112],[-78.0007,-10.3975],[-78.0106,-10.3747],[-78.0552,-10.3454],[-78.0568,-10.3035],[-78.0871,-10.2771],[-78.081,-10.2483],[-78.1016,-10.2011],[-78.185,-10.1094],[-78.1657,-10.0919],[-78.1758,-10.044],[-78.2081,-9.9668],[-78.2344,-9.9513],[-78.2245,-9.9072],[-78.2438,-9.8685],[-78.2251,-9.7984],[-78.2959,-9.7263],[-78.2943,-9.7054],[-78.3434,-9.6329],[-78.3669,-9.6297],[-78.3664,-9.5589],[-78.3913,-9.531],[-78.4047,-9.4751],[-78.3801,-9.4455],[-78.4178,-9.4262],[-78.4337,-9.3904],[-78.4095,-9.3631],[-78.4276,-9.3603],[-78.4254,-9.3413],[-78.4609,-9.3162],[-78.4813,-9.3333],[-78.4989,-9.2869],[-78.5255,-9.2746],[-78.4918,-9.2509],[-78.485,-9.2079],[-78.4977,-9.1881],[-78.5622,-9.1817],[-78.5539,-9.2351],[-78.5838,-9.2034],[-78.577,-9.1947],[-78.61,-9.1764],[-78.6099,-9.1601],[-78.5678,-9.1678],[-78.5616,-9.1191],[-78.5888,-9.0796],[-78.6299,-9.0736],[-78.6386,-9.0475],[-78.6224,-9.017],[-78.6585,-8.9863],[-78.5899,-8.9426],[-78.5765,-8.889],[-78.5883,-8.8587],[-78.5516,-8.775],[-78.4384,-8.7327],[-78.3548,-8.6733],[-78.2461,-8.6584],[-78.205,-8.6306],[-78.1935,-8.6001],[-78.2169,-8.5573],[-78.1574,-8.4788],[-78.1375,-8.3687],[-78.1084,-8.3381],[-78.1194,-8.3136],[-78.0368,-8.2559],[-78.0186,-8.2243],[-77.9332,-8.197],[-77.8956,-8.0619],[-77.8679,-8.0559],[-77.8522,-8.0748],[-77.7858,-8.0792],[-77.647,-8.0509]]]]}},{"type":"Feature","properties":{"departamento":"APURIMAC","coddep":"03","nombre":"Apurímac"},"geometry":{"type":"MultiPolygon","coordinates":[[[[-73.7465,-13.1744],[-73.729,-13.1879],[-73.7401,-13.2115],[-73.7276,-13.2683],[-73.6981,-13.2655],[-73.6081,-13.3316],[-73.5736,-13.3389],[-73.5713,-13.3628],[-73.5071,-13.3841],[-73.4809,-13.4314],[-73.404,-13.4448],[-73.3472,-13.4348],[-73.3318,-13.4564],[-73.3117,-13.4466],[-73.2339,-13.4766],[-73.2048,-13.4117],[-73.1865,-13.417],[-73.1756,-13.4515],[-73.1437,-13.4191],[-73.0973,-13.4489],[-73.0604,-13.438],[-73.0441,-13.412],[-73.0072,-13.4231],[-72.9771,-13.3882],[-72.911,-13.3845],[-72.8841,-13.417],[-72.7975,-13.4222],[-72.7927,-13.4565],[-72.7709,-13.4493],[-72.7485,-13.4811],[-72.6721,-13.5221],[-72.6559,-13.5135],[-72.6408,-13.5396],[-72.6014,-13.5443],[-72.5934,-13.5622],[-72.5605,-13.5518],[-72.489,-13.5918],[-72.4214,-13.6061],[-72.3998,-13.6337],[-72.403,-13.6586],[-72.3694,-13.6657],[-72.3123,-13.7085],[-72.2774,-13.6841],[-72.2448,-13.6874],[-72.2319,-13.7217],[-72.1659,-13.7476],[-72.1317,-13.7869],[-72.0912,-13.8854],[-72.0555,-13.9307],[-72.0512,-14.0267],[-72.0679,-14.0765],[-72.0567,-14.1293],[-72.0952,-14.1734],[-72.0765,-14.2074],[-72.1259,-14.254],[-72.1612,-14.2638],[-72.1871,-14.3132],[-72.2395,-14.3485],[-72.2495,-14.4029],[-72.2948,-14.4108],[-72.2899,-14.4239],[-72.3172,-14.4407],[-72.3409,-14.4278],[-72.3576,-14.436],[-72.3949,-14.483],[-72.4413,-14.4824],[-72.503,-14.5518],[-72.4617,-14.6059],[-72.4704,-14.6599],[-72.5608,-14.6784],[-72.5919,-14.7136],[-72.611,-14.6761],[-72.6448,-14.6673],[-72.6906,-14.6887],[-72.7244,-14.6767],[-72.7254,-14.6439],[-72.7704,-14.6647],[-72.7897,-14.6502],[-72.8282,-14.7016],[-72.8464,-14.7599],[-72.8669,-14.7083],[-72.9178,-14.6853],[-72.9357,-14.6953],[-72.9746,-14.6518],[-72.9978,-14.6628],[-73.0147,-14.6309],[-73.0426,-14.6231],[-73.0433,-14.6572],[-73.0631,-14.6658],[-73.0981,-14.6508],[-73.1099,-14.6923],[-73.1532,-14.6743],[-73.1904,-14.7058],[-73.2636,-14.7098],[-73.2842,-14.7341],[-73.3508,-14.704],[-73.3644,-14.6816],[-73.4045,-14.7655],[-73.4399,-14.787],[-73.4645,-14.8398],[-73.5134,-14.8262],[-73.5634,-14.7794],[-73.5771,-14.7144],[-73.5711,-14.6873],[-73.5231,-14.673],[-73.5101,-14.6501],[-73.5336,-14.5841],[-73.507,-14.5443],[-73.5546,-14.4807],[-73.5514,-14.465],[-73.5706,-14.4566],[-73.5818,-14.4164],[-73.5539,-14.4012],[-73.5122,-14.2682],[-73.5866,-14.1103],[-73.6111,-14.0899],[-73.6194,-14.0171],[-73.656,-13.9308],[-73.68,-13.9153],[-73.6978,-13.8474],[-73.7424,-13.7918],[-73.74,-13.7562],[-73.6697,-13.7343],[-73.7151,-13.7045],[-73.7436,-13.6556],[-73.7962,-13.6343],[-73.8108,-13.5218],[-73.839,-13.4564],[-73.8274,-13.4337],[-73.8474,-13.4015],[-73.8321,-13.3302],[-73.8059,-13.313],[-73.824,-13.2484],[-73.7933,-13.1939],[-73.7465,-13.1744]]]]}},{"type":"Feature","properties":{"departamento":"AREQUIPA","coddep":"04","nombre":"Arequipa"},"geometry":{"type":"MultiPolygon","coordinates":[[[[-71.9811,-14.6406],[-71.9293,-14.6893],[-71.9522,-14.7038],[-71.959,-14.7326],[-71.924,-14.7898],[-71.8761,-14.8013],[-71.855,-14.8546],[-71.8596,-14.8836],[-71.8273,-14.8888],[-71.8263,-14.9066],[-71.793,-14.8962],[-71.746,-14.9399],[-71.7702,-14.9822],[-71.766,-15.0096],[-71.8493,-15.0451],[-71.8366,-15.0757],[-71.8015,-15.0673],[-71.7725,-15.0824],[-71.6737,-15.0891],[-71.636,-15.1391],[-71.6146,-15.1459],[-71.5883,-15.1278],[-71.5723,-15.0619],[-71.5134,-15.0798],[-71.4859,-15.0591],[-71.5102,-15.0046],[-71.5052,-14.9756],[-71.4475,-14.9798],[-71.4174,-15.0337],[-71.3217,-15.1191],[-71.2606,-15.0783],[-71.2655,-15.063],[-71.2259,-15.0694],[-71.2154,-15.0489],[-71.1954,-15.0902],[-71.1436,-15.1206],[-71.1849,-15.1698],[-71.1603,-15.2078],[-71.2021,-15.2451],[-71.1946,-15.2709],[-71.1642,-15.2909],[-71.1505,-15.3559],[-71.1743,-15.4245],[-71.1503,-15.4406],[-71.1201,-15.4271],[-71.0854,-15.458],[-71.039,-15.4052],[-70.994,-15.4548],[-71.0184,-15.5],[-71.0071,-15.5641],[-70.9824,-15.598],[-70.924,-15.633],[-70.8997,-15.7134],[-70.9423,-15.7749],[-70.8901,-15.8519],[-70.8929,-15.8884],[-70.8658,-15.8894],[-70.8433,-15.9233],[-70.8322,-15.9491],[-70.8425,-15.9693],[-70.8202,-15.9785],[-70.8286,-15.9992],[-70.8041,-16.053],[-70.8567,-16.0563],[-70.8955,-16.1052],[-70.8671,-16.1285],[-70.8786,-16.1666],[-70.8539,-16.1967],[-70.867,-16.2246],[-70.8445,-16.2347],[-70.8765,-16.2816],[-70.9174,-16.2832],[-70.9436,-16.3144],[-70.9863,-16.3099],[-70.9561,-16.4725],[-71.0126,-16.4986],[-71.0373,-16.4857],[-71.0472,-16.4544],[-71.1247,-16.4611],[-71.1395,-16.475],[-71.2421,-16.4631],[-71.2375,-16.5146],[-71.2604,-16.6052],[-71.2792,-16.6158],[-71.2891,-16.7265],[-71.3272,-16.7524],[-71.3694,-16.7197],[-71.4259,-16.7413],[-71.4442,-16.8157],[-71.4241,-16.9193],[-71.4652,-16.9539],[-71.4046,-16.9568],[-71.3858,-17.0205],[-71.3394,-17.0218],[-71.3022,-17.0939],[-71.4235,-17.2366],[-71.4655,-17.2545],[-71.4908,-17.285],[-71.5379,-17.254],[-71.564,-17.2616],[-71.8232,-17.1796],[-71.9326,-17.0788],[-72.023,-17.0224],[-72.1122,-17.0158],[-72.1038,-16.9963],[-72.1193,-16.9699],[-72.1439,-16.9658],[-72.2115,-16.9024],[-72.2885,-16.8751],[-72.2887,-16.837],[-72.3101,-16.8076],[-72.3731,-16.7525],[-72.4007,-16.7511],[-72.4479,-16.7024],[-72.752,-16.6381],[-72.9201,-16.5185],[-73.0488,-16.4999],[-73.2084,-16.4004],[-73.235,-16.4153],[-73.2722,-16.3982],[-73.2915,-16.4058],[-73.3142,-16.3387],[-73.4513,-16.2813],[-73.4822,-16.2837],[-73.6199,-16.2301],[-73.6762,-16.2236],[-73.7003,-16.2416],[-73.6997,-16.2199],[-73.7279,-16.1952],[-73.8348,-16.1546],[-73.9896,-16.0391],[-74.0178,-16.0369],[-74.0332,-16.0176],[-74.0256,-15.9925],[-74.0545,-15.9545],[-74.2416,-15.8787],[-74.279,-15.8388],[-74.3267,-15.8497],[-74.3955,-15.8294],[-74.4391,-15.7949],[-74.4725,-15.7195],[-74.6803,-15.6451],[-74.8033,-15.5768],[-74.8534,-15.5732],[-74.8478,-15.5545],[-74.8876,-15.5241],[-74.9736,-15.4906],[-75.0005,-15.4621],[-75.0733,-15.4429],[-75.0455,-15.4303],[-75.0166,-15.3511],[-74.9682,-15.2994],[-74.9636,-15.2539],[-74.9293,-15.1924],[-74.7623,-15.0981],[-74.7137,-15.1385],[-74.652,-15.1391],[-74.6287,-15.1241],[-74.6057,-15.1486],[-74.5525,-15.1399],[-74.4658,-15.1735],[-74.4016,-15.1785],[-74.3879,-15.2518],[-74.4153,-15.2993],[-74.3087,-15.3597],[-74.329,-15.3938],[-74.3012,-15.4781],[-74.1665,-15.484],[-74.1505,-15.4276],[-74.0945,-15.392],[-74.0654,-15.4022],[-74.0373,-15.4555],[-74.0434,-15.491],[-74.0792,-15.5157],[-74.0673,-15.5393],[-74.0847,-15.6189],[-74.0634,-15.6296],[-74.0197,-15.5999],[-74.0103,-15.5594],[-73.9692,-15.5329],[-73.9403,-15.4834],[-73.8721,-15.433],[-73.8841,-15.3375],[-73.8651,-15.324],[-73.7763,-15.3387],[-73.7589,-15.3853],[-73.6858,-15.4377],[-73.653,-15.4165],[-73.5559,-15.4082],[-73.4417,-15.3558],[-73.4304,-15.3791],[-73.3912,-15.3991],[-73.366,-15.3874],[-73.3363,-15.4051],[-73.2748,-15.393],[-73.2938,-15.3594],[-73.2777,-15.3182],[-73.2849,-15.2949],[-73.2459,-15.2861],[-73.1721,-15.3061],[-73.1206,-15.2308],[-73.1117,-15.1865],[-73.0476,-15.1343],[-73.0218,-15.1318],[-73.0051,-15.0077],[-72.9827,-14.9824],[-73.0319,-14.8971],[-73.0028,-14.815],[-72.9299,-14.7582],[-72.8853,-14.7722],[-72.8426,-14.7577],[-72.8282,-14.7016],[-72.7897,-14.6502],[-72.7704,-14.6647],[-72.7254,-14.6439],[-72.7244,-14.6767],[-72.6906,-14.6887],[-72.6448,-14.6673],[-72.611,-14.6761],[-72.5944,-14.7137],[-72.5703,-14.6827],[-72.4771,-14.6582],[-72.4601,-14.6758],[-72.4872,-14.7139],[-72.4867,-14.742],[-72.4692,-14.787],[-72.4346,-14.7901],[-72.4167,-14.8228],[-72.3154,-14.8339],[-72.2526,-14.8037],[-72.2122,-14.8032],[-72.1893,-14.7782],[-72.1457,-14.7774],[-72.1317,-14.7894],[-72.1312,-14.8283],[-72.0631,-14.8879],[-72.0464,-14.8871],[-72.0403,-14.8392],[-72.0252,-14.8291],[-72.0406,-14.81],[-72.0406,-14.6885],[-72.0083,-14.6407],[-71.9811,-14.6406]],[[-71.1386,-16.3406],[-71.1967,-16.3562],[-71.1963,-16.3831],[-71.1716,-16.3769],[-71.0929,-16.4075],[-71.1016,-16.3414],[-71.1429,-16.3231],[-71.1386,-16.3406]]]]}},{"type":"Feature","properties":{"departamento":"AYACUCHO","coddep":"05","nombre":"Ayacucho"},"geometry":{"type":"MultiPolygon","coordinates":[[[[-74.3484,-12.175],[-74.3213,-12.2302],[-74.2915,-12.223],[-74.218,-12.2781],[-74.2187,-12.3017],[-74.1473,-12.3244],[-74.1312,-12.3146],[-74.1252,-12.3339],[-74.0974,-12.2837],[-74.0398,-12.2614],[-73.9999,-12.2836],[-73.9805,-12.2426],[-73.9701,-12.3478],[-73.9478,-12.3507],[-73.8859,-12.4061],[-73.8543,-12.4891],[-73.8532,-12.5344],[-73.824,-12.5335],[-73.8006,-12.6146],[-73.7646,-12.6478],[-73.725,-12.6367],[-73.6257,-12.765],[-73.6267,-12.7877],[-73.59,-12.8242],[-73.5819,-12.8587],[-73.5237,-12.8995],[-73.5298,-12.932],[-73.4966,-12.9325],[-73.508,-12.9719],[-73.53,-12.9853],[-73.5047,-13.0111],[-73.4766,-13.0011],[-73.4903,-13.0665],[-73.4782,-13.0559],[-73.4488,-13.0803],[-73.4552,-13.1207],[-73.4147,-13.1451],[-73.4096,-13.2119],[-73.3823,-13.2249],[-73.3643,-13.2694],[-73.3462,-13.2784],[-73.3482,-13.3023],[-73.3114,-13.3259],[-73.2869,-13.3726],[-73.211,-13.4208],[-73.2353,-13.4767],[-73.3117,-13.4466],[-73.3318,-13.4564],[-73.3472,-13.4348],[-73.404,-13.4448],[-73.4809,-13.4314],[-73.5071,-13.3841],[-73.5713,-13.3628],[-73.5736,-13.3389],[-73.6081,-13.3316],[-73.6981,-13.2655],[-73.7276,-13.2683],[-73.7401,-13.2115],[-73.729,-13.1874],[-73.7527,-13.1712],[-73.7933,-13.1939],[-73.824,-13.2484],[-73.8059,-13.313],[-73.8321,-13.3302],[-73.8474,-13.4009],[-73.8274,-13.4337],[-73.839,-13.4564],[-73.8038,-13.5549],[-73.8057,-13.6151],[-73.7919,-13.641],[-73.7283,-13.6684],[-73.7151,-13.7045],[-73.6697,-13.7343],[-73.74,-13.7562],[-73.7424,-13.7918],[-73.6978,-13.8474],[-73.68,-13.9153],[-73.656,-13.9308],[-73.6194,-14.0171],[-73.6111,-14.0899],[-73.5866,-14.1103],[-73.5122,-14.2682],[-73.5539,-14.4012],[-73.5818,-14.4164],[-73.5706,-14.4566],[-73.5514,-14.465],[-73.5546,-14.4807],[-73.507,-14.5443],[-73.5336,-14.5841],[-73.5142,-14.6594],[-73.5755,-14.6951],[-73.5634,-14.7794],[-73.5134,-14.8262],[-73.4651,-14.8402],[-73.4399,-14.787],[-73.4045,-14.7655],[-73.3644,-14.6816],[-73.3508,-14.704],[-73.2842,-14.7341],[-73.2636,-14.7098],[-73.1904,-14.7058],[-73.1532,-14.6743],[-73.1099,-14.6923],[-73.0981,-14.6508],[-73.0631,-14.6658],[-73.0433,-14.6572],[-73.0426,-14.6231],[-73.0147,-14.6309],[-72.9978,-14.6628],[-72.9746,-14.6518],[-72.9357,-14.6953],[-72.9178,-14.6853],[-72.8669,-14.7083],[-72.8468,-14.7598],[-72.8853,-14.7722],[-72.9299,-14.7582],[-73.0028,-14.815],[-73.0319,-14.8971],[-72.9827,-14.9824],[-73.0051,-15.0077],[-73.0218,-15.1318],[-73.0476,-15.1343],[-73.1117,-15.1865],[-73.1206,-15.2308],[-73.1721,-15.3061],[-73.2459,-15.2861],[-73.2849,-15.2949],[-73.2777,-15.3182],[-73.2938,-15.3594],[-73.2759,-15.3938],[-73.3363,-15.4051],[-73.366,-15.3874],[-73.3912,-15.3991],[-73.4304,-15.3791],[-73.4417,-15.3558],[-73.5559,-15.4082],[-73.653,-15.4165],[-73.6858,-15.4377],[-73.7589,-15.3853],[-73.7763,-15.3387],[-73.8651,-15.324],[-73.8841,-15.3375],[-73.8721,-15.433],[-73.9403,-15.4834],[-73.9692,-15.5329],[-74.0103,-15.5594],[-74.0197,-15.5999],[-74.0666,-15.63],[-74.0847,-15.6189],[-74.0673,-15.5393],[-74.0792,-15.5157],[-74.0434,-15.491],[-74.0373,-15.4561],[-74.0654,-15.4022],[-74.0945,-15.392],[-74.1505,-15.4276],[-74.1665,-15.484],[-74.3012,-15.4781],[-74.329,-15.3938],[-74.3087,-15.3597],[-74.4153,-15.2993],[-74.3879,-15.2518],[-74.4016,-15.1785],[-74.4658,-15.1735],[-74.5525,-15.1399],[-74.6057,-15.1486],[-74.6287,-15.1241],[-74.652,-15.1391],[-74.7137,-15.1385],[-74.7526,-15.1134],[-74.7586,-15.0933],[-74.6653,-15.0499],[-74.6657,-14.9979],[-74.6463,-14.9779],[-74.6853,-14.9302],[-74.6624,-14.9001],[-74.681,-14.8543],[-74.6938,-14.8382],[-74.7325,-14.8467],[-74.7546,-14.8353],[-74.7144,-14.8178],[-74.7478,-14.8131],[-74.7647,-14.7905],[-74.7157,-14.7098],[-74.8027,-14.7521],[-74.8253,-14.7364],[-74.8486,-14.6722],[-74.7882,-14.6156],[-74.859,-14.6084],[-74.884,-14.5762],[-74.8842,-14.5455],[-74.9466,-14.5808],[-74.9589,-14.6065],[-75.0318,-14.6107],[-75.056,-14.6269],[-75.0659,-14.5745],[-75.0801,-14.569],[-75.0673,-14.5279],[-75.0867,-14.5302],[-75.0981,-14.4851],[-75.053,-14.4312],[-75.1058,-14.434],[-75.1398,-14.4159],[-75.0939,-14.3124],[-75.0322,-14.2657],[-75.066,-14.2516],[-75.0908,-14.2152],[-75.0291,-14.0719],[-74.9751,-14.0743],[-74.8962,-14.1039],[-74.8608,-14.0672],[-74.8252,-14.0923],[-74.7587,-14.0786],[-74.7853,-13.9903],[-74.768,-13.9786],[-74.7852,-13.8883],[-74.7604,-13.8315],[-74.7789,-13.7846],[-74.7623,-13.7819],[-74.7539,-13.737],[-74.7754,-13.7105],[-74.7714,-13.6065],[-74.7996,-13.5475],[-74.8319,-13.5322],[-74.8622,-13.4818],[-74.9021,-13.4664],[-74.897,-13.3939],[-74.8692,-13.3601],[-74.7701,-13.3463],[-74.7596,-13.3251],[-74.7183,-13.3638],[-74.6332,-13.3451],[-74.667,-13.3274],[-74.6861,-13.2864],[-74.6447,-13.2741],[-74.5723,-13.1847],[-74.5422,-13.2005],[-74.4584,-13.19],[-74.4204,-13.1595],[-74.396,-13.1688],[-74.3887,-13.1297],[-74.4109,-13.1197],[-74.4113,-13.0794],[-74.3799,-13.0245],[-74.3459,-13.0258],[-74.3103,-13.0596],[-74.2716,-13.0686],[-74.2954,-12.9369],[-74.326,-12.9299],[-74.3301,-12.9154],[-74.3192,-12.8865],[-74.3296,-12.8361],[-74.2949,-12.8302],[-74.285,-12.7883],[-74.2941,-12.7512],[-74.3284,-12.7442],[-74.3494,-12.7171],[-74.3272,-12.6802],[-74.3422,-12.6253],[-74.3242,-12.6039],[-74.3633,-12.5943],[-74.3869,-12.5668],[-74.3987,-12.5027],[-74.4152,-12.4917],[-74.4092,-12.4519],[-74.507,-12.4482],[-74.5494,-12.3738],[-74.5646,-12.3609],[-74.576,-12.3732],[-74.5811,-12.3333],[-74.5554,-12.2881],[-74.5071,-12.3125],[-74.4741,-12.2721],[-74.4415,-12.2721],[-74.4163,-12.3048],[-74.3848,-12.2715],[-74.3937,-12.2525],[-74.3761,-12.2292],[-74.3874,-12.188],[-74.3484,-12.175]],[[-73.7201,-15.259],[-73.7496,-15.266],[-73.7244,-15.3206],[-73.6839,-15.3341],[-73.6394,-15.2902],[-73.6659,-15.271],[-73.6873,-15.276],[-73.7014,-15.2471],[-73.7201,-15.259]]]]}},{"type":"Feature","properties":{"departamento":"CAJAMARCA","coddep":"06","nombre":"Cajamarca"},"geometry":{"type":"MultiPolygon","coordinates":[[[[-78.7003,-4.6277],[-78.665,-4.6558],[-78.6379,-4.6564],[-78.645,-4.7348],[-78.6283,-4.7397],[-78.6207,-4.7679],[-78.6419,-4.8024],[-78.6319,-4.8364],[-78.6451,-4.9075],[-78.6783,-4.9684],[-78.6514,-4.9786],[-78.6405,-5.0342],[-78.6955,-5.0935],[-78.7109,-5.1557],[-78.6852,-5.2656],[-78.6544,-5.2743],[-78.6384,-5.3053],[-78.5815,-5.3077],[-78.5037,-5.412],[-78.4483,-5.3979],[-78.4538,-5.4261],[-78.5576,-5.4952],[-78.5502,-5.5331],[-78.583,-5.5507],[-78.6248,-5.6394],[-78.6852,-5.6967],[-78.6514,-5.7261],[-78.6918,-5.7507],[-78.7123,-5.8287],[-78.6959,-5.8885],[-78.6112,-6.0166],[-78.6005,-6.0656],[-78.5829,-6.0789],[-78.5102,-6.077],[-78.4178,-6.1905],[-78.4154,-6.2126],[-78.3701,-6.2391],[-78.3693,-6.2733],[-78.3354,-6.3187],[-78.3326,-6.3523],[-78.2913,-6.3725],[-78.2771,-6.3991],[-78.2435,-6.4017],[-78.21,-6.458],[-78.19,-6.457],[-78.1738,-6.4937],[-78.1522,-6.4998],[-78.1376,-6.5632],[-78.1167,-6.578],[-78.1072,-6.6434],[-78.0447,-6.6922],[-78.0137,-6.8213],[-78.0309,-6.8477],[-78.0008,-6.8673],[-78.0136,-6.9317],[-77.9885,-6.9753],[-78.0006,-6.9892],[-77.9297,-7.1055],[-77.9256,-7.1546],[-77.8979,-7.1668],[-77.882,-7.2205],[-77.8492,-7.2356],[-77.8568,-7.2826],[-77.8328,-7.3046],[-77.825,-7.3787],[-77.7716,-7.4188],[-77.7414,-7.4667],[-77.8569,-7.5235],[-77.8679,-7.583],[-77.9224,-7.5997],[-77.9131,-7.6259],[-77.9405,-7.6406],[-77.9366,-7.6575],[-77.9601,-7.6553],[-77.9628,-7.6743],[-78.0496,-7.6786],[-78.0812,-7.6962],[-78.1284,-7.6532],[-78.1713,-7.7134],[-78.2194,-7.7245],[-78.2218,-7.7635],[-78.2812,-7.7473],[-78.2762,-7.7196],[-78.348,-7.6857],[-78.3602,-7.6449],[-78.3828,-7.6301],[-78.3782,-7.594],[-78.3568,-7.574],[-78.3608,-7.53],[-78.349,-7.5112],[-78.3257,-7.5099],[-78.3307,-7.4963],[-78.4156,-7.4851],[-78.4914,-7.5549],[-78.6246,-7.5486],[-78.6502,-7.5278],[-78.6278,-7.4526],[-78.664,-7.4036],[-78.7337,-7.4207],[-78.7601,-7.402],[-78.7813,-7.4237],[-78.7899,-7.3952],[-78.8867,-7.4841],[-78.8511,-7.5221],[-78.9128,-7.5511],[-78.9443,-7.5984],[-78.9535,-7.6498],[-78.9921,-7.6609],[-79.0412,-7.5999],[-79.0386,-7.5621],[-79.0598,-7.5467],[-79.0716,-7.5053],[-79.0654,-7.4727],[-79.1545,-7.4391],[-79.1944,-7.3734],[-79.2325,-7.3907],[-79.2829,-7.3487],[-79.3158,-7.3596],[-79.3693,-7.3241],[-79.3068,-7.2837],[-79.2689,-7.2784],[-79.2756,-7.2155],[-79.2518,-7.1983],[-79.3053,-7.1471],[-79.2962,-7.1296],[-79.3305,-7.076],[-79.323,-7.0265],[-79.2967,-7.0007],[-79.311,-6.9013],[-79.2627,-6.8592],[-79.2248,-6.8584],[-79.2071,-6.8214],[-79.1208,-6.777],[-79.1427,-6.6999],[-79.1884,-6.7165],[-79.2291,-6.6714],[-79.2956,-6.6761],[-79.304,-6.6516],[-79.3625,-6.6348],[-79.3357,-6.6024],[-79.3607,-6.5688],[-79.3696,-6.5208],[-79.4044,-6.5413],[-79.4219,-6.5334],[-79.4171,-6.5053],[-79.4339,-6.4812],[-79.4229,-6.4519],[-79.4586,-6.3721],[-79.4227,-6.3104],[-79.3528,-6.304],[-79.329,-6.2663],[-79.3005,-6.2675],[-79.279,-6.2293],[-79.2491,-6.2244],[-79.2734,-6.1477],[-79.2351,-6.0937],[-79.1819,-6.0893],[-79.1889,-6.0589],[-79.1756,-6.0414],[-79.204,-6.0241],[-79.2249,-6.0547],[-79.2409,-6.0286],[-79.266,-6.025],[-79.2633,-6.0033],[-79.3004,-5.9852],[-79.3221,-5.9991],[-79.317,-6.0429],[-79.349,-5.9797],[-79.3959,-5.9772],[-79.418,-6.003],[-79.4205,-5.9721],[-79.3619,-5.9328],[-79.3354,-5.894],[-79.3992,-5.7712],[-79.3993,-5.7025],[-79.3711,-5.6026],[-79.3986,-5.5335],[-79.276,-5.5197],[-79.3079,-5.3653],[-79.3261,-5.348],[-79.3281,-5.3159],[-79.359,-5.2886],[-79.3482,-5.2337],[-79.3784,-5.19],[-79.3419,-5.164],[-79.3304,-5.1244],[-79.296,-5.112],[-79.273,-5.0585],[-79.2262,-5.0479],[-79.2083,-4.9643],[-79.1107,-4.9794],[-79.0762,-4.971],[-79.0714,-4.9909],[-79.0145,-5.015],[-78.9724,-4.895],[-78.8917,-4.8873],[-78.9119,-4.8516],[-78.8917,-4.808],[-78.9154,-4.7809],[-78.8896,-4.7639],[-78.8905,-4.7173],[-78.8562,-4.6677],[-78.8048,-4.6379],[-78.7003,-4.6277]]]]}},{"type":"Feature","properties":{"departamento":"CALLAO","coddep":"07","nombre":"Callao"},"geometry":{"type":"MultiPolygon","coordinates":[[[[-77.135,-11.8182],[-77.0893,-11.8992],[-77.104,-11.9357],[-77.0952,-11.9497],[-77.1286,-11.9381],[-77.1097,-11.9762],[-77.118,-11.9949],[-77.0893,-12.0117],[-77.0963,-12.0336],[-77.0779,-12.0466],[-77.1115,-12.0795],[-77.1709,-12.0722],[-77.1408,-12.0457],[-77.1555,-12.0462],[-77.1334,-11.9691],[-77.1578,-11.8719],[-77.188,-11.8286],[-77.135,-11.8182]]]]}},{"type":"Feature","properties":{"departamento":"CUSCO","coddep":"08","nombre":"Cusco"},"geometry":{"type":"MultiPolygon","coordinates":[[[[-72.9728,-11.2519],[-72.9359,-11.29],[-72.9556,-11.3046],[-72.9325,-11.3073],[-72.9404,-11.3227],[-72.9444,-11.3099],[-72.9595,-11.3142],[-72.9509,-11.3246],[-72.965,-11.3316],[-72.9447,-11.3399],[-72.9244,-11.3274],[-72.9347,-11.3471],[-72.9232,-11.3551],[-72.9215,-11.3434],[-72.8947,-11.3583],[-72.8904,-11.3432],[-72.8771,-11.3643],[-72.8592,-11.3554],[-72.834,-11.3743],[-72.8425,-11.3868],[-72.8218,-11.3896],[-72.8162,-11.3751],[-72.7997,-11.3856],[-72.797,-11.3644],[-72.795,-11.3846],[-72.7382,-11.3474],[-72.7177,-11.3621],[-72.7128,-11.3472],[-72.6923,-11.3957],[-72.6657,-11.3859],[-72.6456,-11.4128],[-72.6172,-11.4178],[-72.6095,-11.4399],[-72.6003,-11.4185],[-72.5961,-11.44],[-72.5537,-11.4321],[-72.5477,-11.4483],[-72.5351,-11.4254],[-72.5336,-11.4392],[-72.5167,-11.432],[-72.499,-11.395],[-72.449,-11.3858],[-72.4492,-11.3708],[-72.3383,-11.3171],[-72.3228,-11.3247],[-72.3057,-11.3073],[-72.2838,-11.3169],[-72.2801,-11.3396],[-72.2532,-11.3301],[-72.2393,-11.3451],[-72.2479,-11.385],[-72.2926,-11.4333],[-72.3079,-11.5875],[-72.3903,-11.6507],[-72.4282,-11.7052],[-72.4251,-11.7332],[-72.3708,-11.785],[-72.3908,-11.8276],[-72.3318,-11.8561],[-72.3475,-11.8913],[-72.3405,-11.9658],[-72.2862,-11.9753],[-72.2815,-11.9958],[-72.2592,-12.0057],[-72.2689,-12.0544],[-72.1737,-12.0598],[-72.0944,-12.0852],[-72.0876,-12.1427],[-72.1056,-12.2388],[-72.0434,-12.2549],[-72.0289,-12.2872],[-71.9459,-12.3302],[-71.9672,-12.3476],[-71.9766,-12.3995],[-72.0606,-12.4384],[-72.079,-12.4986],[-72.0288,-12.5264],[-71.9814,-12.5805],[-71.9842,-12.6082],[-71.9664,-12.6128],[-71.9571,-12.6395],[-71.9781,-12.6789],[-71.9677,-12.6919],[-71.9178,-12.6989],[-71.9004,-12.7334],[-71.8122,-12.7439],[-71.7995,-12.7656],[-71.7647,-12.7675],[-71.7476,-12.7962],[-71.7081,-12.7729],[-71.695,-12.7388],[-71.639,-12.7094],[-71.5527,-12.7087],[-71.5466,-12.7354],[-71.5131,-12.7444],[-71.4465,-12.8272],[-71.4489,-12.8633],[-71.4164,-12.8941],[-71.3968,-12.8826],[-71.3751,-12.9005],[-71.359,-12.8808],[-71.271,-12.9625],[-71.1621,-12.9668],[-71.1794,-12.9983],[-71.1665,-13.0177],[-71.1738,-13.055],[-71.1315,-13.22],[-71.0363,-13.2705],[-71.012,-13.265],[-70.9772,-13.1697],[-70.9422,-13.1565],[-70.9214,-13.1108],[-70.8873,-13.1034],[-70.8993,-13.0697],[-70.8631,-13.0803],[-70.8174,-13.0699],[-70.7599,-13.1081],[-70.6852,-13.1068],[-70.6603,-13.0883],[-70.5995,-13.0991],[-70.5494,-13.1532],[-70.4642,-13.1597],[-70.3853,-13.199],[-70.3901,-13.2313],[-70.4227,-13.2555],[-70.3708,-13.2764],[-70.3458,-13.3127],[-70.3956,-13.3167],[-70.3995,-13.3716],[-70.4198,-13.3586],[-70.4511,-13.3652],[-70.4426,-13.3954],[-70.4718,-13.4399],[-70.4526,-13.4479],[-70.4888,-13.5004],[-70.5389,-13.5313],[-70.5436,-13.5776],[-70.6162,-13.6091],[-70.6628,-13.6606],[-70.7154,-13.6627],[-70.7354,-13.7353],[-70.6989,-13.8032],[-70.7092,-13.8431],[-70.7677,-13.8144],[-70.8284,-13.8276],[-70.8539,-13.7986],[-70.88,-13.8174],[-70.8751,-13.839],[-70.8324,-13.8569],[-70.8309,-13.8951],[-70.8097,-13.9123],[-70.8463,-13.9635],[-70.8526,-13.9982],[-70.8404,-14.0082],[-70.8604,-14.0308],[-70.8295,-14.0763],[-70.8179,-14.0676],[-70.79,-14.081],[-70.8211,-14.1411],[-70.8866,-14.1723],[-70.8998,-14.233],[-70.8799,-14.2704],[-70.9135,-14.3033],[-70.9122,-14.3415],[-70.986,-14.3798],[-70.9624,-14.4445],[-70.988,-14.4553],[-70.9866,-14.4987],[-70.9993,-14.5026],[-70.9661,-14.5683],[-70.9777,-14.583],[-71.0147,-14.578],[-71.0101,-14.5975],[-71.031,-14.5933],[-71.1181,-14.6479],[-71.0532,-14.7543],[-71.0278,-14.7601],[-71.0131,-14.7397],[-70.9751,-14.765],[-70.9783,-14.8242],[-70.9966,-14.8439],[-70.9847,-14.9461],[-71.0042,-14.9987],[-70.9625,-15.2156],[-70.9853,-15.249],[-70.95,-15.2983],[-70.9591,-15.3191],[-70.9851,-15.3167],[-71.0061,-15.3352],[-71.0441,-15.4181],[-71.082,-15.4571],[-71.1038,-15.4533],[-71.1201,-15.4271],[-71.1503,-15.4406],[-71.1743,-15.4245],[-71.1505,-15.3559],[-71.1642,-15.2909],[-71.1946,-15.2709],[-71.2021,-15.2451],[-71.1603,-15.2078],[-71.1849,-15.1698],[-71.1433,-15.1216],[-71.1967,-15.0889],[-71.2073,-15.0506],[-71.2265,-15.0696],[-71.2655,-15.063],[-71.2606,-15.0783],[-71.3191,-15.1197],[-71.4174,-15.0337],[-71.4475,-14.9798],[-71.5052,-14.9756],[-71.5102,-15.0046],[-71.4859,-15.0591],[-71.5134,-15.0798],[-71.5723,-15.0619],[-71.5883,-15.1278],[-71.6146,-15.1459],[-71.636,-15.1391],[-71.6737,-15.0891],[-71.7725,-15.0824],[-71.8015,-15.0673],[-71.8376,-15.0748],[-71.8493,-15.0451],[-71.766,-15.0096],[-71.7702,-14.9822],[-71.746,-14.9399],[-71.793,-14.8962],[-71.8263,-14.9066],[-71.8273,-14.8888],[-71.8596,-14.8836],[-71.855,-14.8546],[-71.8761,-14.8013],[-71.924,-14.7898],[-71.959,-14.7326],[-71.9522,-14.7038],[-71.9293,-14.6893],[-71.9879,-14.6329],[-72.0127,-14.6456],[-72.0444,-14.7028],[-72.0405,-14.8105],[-72.0252,-14.8291],[-72.0403,-14.8392],[-72.0468,-14.8874],[-72.0766,-14.8837],[-72.1312,-14.8283],[-72.1317,-14.7894],[-72.1457,-14.7774],[-72.1893,-14.7782],[-72.2122,-14.8032],[-72.2526,-14.8037],[-72.3184,-14.8341],[-72.4065,-14.8271],[-72.4346,-14.7901],[-72.4692,-14.787],[-72.4885,-14.7235],[-72.4601,-14.6758],[-72.4718,-14.6614],[-72.4617,-14.6059],[-72.5029,-14.5526],[-72.4916,-14.5335],[-72.4405,-14.4817],[-72.3993,-14.4842],[-72.3655,-14.4618],[-72.3576,-14.436],[-72.3409,-14.4278],[-72.3172,-14.4407],[-72.2899,-14.4239],[-72.2948,-14.4108],[-72.2495,-14.4029],[-72.2395,-14.3485],[-72.1871,-14.3132],[-72.1612,-14.2638],[-72.1259,-14.254],[-72.0765,-14.2074],[-72.0952,-14.1734],[-72.0567,-14.1293],[-72.0679,-14.0765],[-72.0512,-14.0267],[-72.0555,-13.9307],[-72.0912,-13.8854],[-72.1308,-13.7882],[-72.1659,-13.7476],[-72.2319,-13.7217],[-72.2448,-13.6874],[-72.2774,-13.6841],[-72.3123,-13.7085],[-72.3694,-13.6657],[-72.403,-13.6586],[-72.3998,-13.6337],[-72.4214,-13.6061],[-72.489,-13.5918],[-72.5514,-13.5543],[-72.5934,-13.5622],[-72.6014,-13.5443],[-72.6369,-13.5421],[-72.6559,-13.5135],[-72.6721,-13.5221],[-72.7485,-13.4811],[-72.7709,-13.4493],[-72.7927,-13.4565],[-72.7983,-13.4218],[-72.8841,-13.417],[-72.8955,-13.3889],[-72.926,-13.3831],[-72.9771,-13.3882],[-73.0151,-13.4267],[-73.0441,-13.412],[-73.0604,-13.438],[-73.0973,-13.4489],[-73.1441,-13.4191],[-73.1698,-13.4524],[-73.1871,-13.4164],[-73.249,-13.4036],[-73.2869,-13.3726],[-73.3127,-13.3246],[-73.3416,-13.3112],[-73.3823,-13.2249],[-73.4096,-13.2119],[-73.4147,-13.1451],[-73.4552,-13.1207],[-73.4493,-13.0796],[-73.4782,-13.0559],[-73.4901,-13.067],[-73.4766,-13.0011],[-73.5047,-13.0111],[-73.53,-12.9853],[-73.508,-12.9719],[-73.4959,-12.9335],[-73.5298,-12.932],[-73.5237,-12.8995],[-73.5819,-12.8587],[-73.59,-12.8242],[-73.6267,-12.7877],[-73.6257,-12.765],[-73.725,-12.6367],[-73.7566,-12.6515],[-73.8001,-12.6155],[-73.824,-12.5335],[-73.8544,-12.5322],[-73.8543,-12.4891],[-73.8859,-12.4061],[-73.9478,-12.3507],[-73.9701,-12.3478],[-73.9722,-12.2943],[-73.8382,-12.2425],[-73.7956,-12.2623],[-73.7618,-12.2529],[-73.7045,-12.2694],[-73.6599,-12.3287],[-73.6577,-12.3595],[-73.5991,-12.3859],[-73.5743,-12.2768],[-73.4699,-12.2369],[-73.4395,-12.152],[-73.3619,-12.136],[-73.3561,-12.1111],[-73.401,-12.0908],[-73.3979,-12.0209],[-73.4361,-11.9958],[-73.4427,-11.9393],[-73.5065,-11.8653],[-73.5775,-11.8365],[-73.5719,-11.7426],[-73.6121,-11.6798],[-73.6083,-11.6602],[-73.5597,-11.5921],[-73.5023,-11.5632],[-73.4871,-11.5349],[-73.4504,-11.5331],[-73.4766,-11.4584],[-73.3462,-11.3135],[-73.256,-11.3125],[-73.1865,-11.286],[-73.1317,-11.2939],[-73.0821,-11.2733],[-73.065,-11.2844],[-72.9783,-11.2125],[-72.9662,-11.2173],[-72.9728,-11.2519]],[[-71.2803,-14.4347],[-71.2737,-14.4594],[-71.2281,-14.5004],[-71.168,-14.5214],[-71.1563,-14.4976],[-71.1664,-14.4842],[-71.2803,-14.4347]]]]}},{"type":"Feature","properties":{"departamento":"HUANCAVELICA","coddep":"09","nombre":"Huancavelica"},"geometry":{"type":"MultiPolygon","coordinates":[[[[-74.5712,-11.9871],[-74.4876,-12.0337],[-74.4544,-12.0339],[-74.4142,-12.0765],[-74.4103,-12.1065],[-74.3515,-12.1376],[-74.3613,-12.1552],[-74.3432,-12.1711],[-74.3874,-12.188],[-74.3761,-12.2292],[-74.3937,-12.2525],[-74.3848,-12.2715],[-74.4163,-12.3048],[-74.4415,-12.2721],[-74.4741,-12.2721],[-74.5071,-12.3125],[-74.5554,-12.2881],[-74.5811,-12.3333],[-74.576,-12.3732],[-74.5646,-12.3609],[-74.5494,-12.3738],[-74.507,-12.4482],[-74.4092,-12.4519],[-74.4152,-12.4917],[-74.3987,-12.5027],[-74.3869,-12.5668],[-74.3633,-12.5943],[-74.3242,-12.6039],[-74.3422,-12.6253],[-74.3272,-12.6802],[-74.3494,-12.7171],[-74.3284,-12.7442],[-74.2941,-12.7512],[-74.285,-12.7883],[-74.2949,-12.8302],[-74.3296,-12.8361],[-74.3192,-12.8865],[-74.3301,-12.9154],[-74.326,-12.9299],[-74.2954,-12.9369],[-74.2716,-13.0686],[-74.3103,-13.0596],[-74.3459,-13.0258],[-74.3799,-13.0245],[-74.4113,-13.0794],[-74.4109,-13.1197],[-74.3887,-13.1297],[-74.396,-13.1688],[-74.4204,-13.1595],[-74.4584,-13.19],[-74.5422,-13.2005],[-74.5723,-13.1847],[-74.6447,-13.2741],[-74.6861,-13.2864],[-74.667,-13.3274],[-74.6332,-13.3451],[-74.7183,-13.3638],[-74.7596,-13.3251],[-74.7701,-13.3463],[-74.8578,-13.3552],[-74.8877,-13.38],[-74.9021,-13.4664],[-74.8622,-13.4818],[-74.8319,-13.5322],[-74.7996,-13.5475],[-74.7714,-13.6065],[-74.7754,-13.7105],[-74.7539,-13.737],[-74.7623,-13.7819],[-74.7789,-13.7846],[-74.7604,-13.8315],[-74.7852,-13.8883],[-74.768,-13.9786],[-74.7853,-13.9903],[-74.7587,-14.0786],[-74.8252,-14.0923],[-74.8608,-14.0672],[-74.8962,-14.1039],[-75.0157,-14.0693],[-75.0579,-14.1299],[-75.0635,-14.0884],[-75.0885,-14.0816],[-75.1088,-14.0329],[-75.1657,-14.0725],[-75.1866,-14.0541],[-75.2585,-14.0432],[-75.2334,-14.0033],[-75.329,-14.018],[-75.3557,-13.9958],[-75.3592,-13.9715],[-75.4335,-13.9141],[-75.4752,-13.9127],[-75.5559,-13.8784],[-75.5647,-13.8431],[-75.5248,-13.8144],[-75.5376,-13.7624],[-75.5546,-13.7496],[-75.5312,-13.7427],[-75.4846,-13.6547],[-75.5196,-13.6035],[-75.4773,-13.5255],[-75.495,-13.5243],[-75.4702,-13.4838],[-75.4657,-13.4341],[-75.4998,-13.3891],[-75.5013,-13.3543],[-75.5381,-13.4048],[-75.599,-13.39],[-75.6149,-13.4168],[-75.6334,-13.4112],[-75.6893,-13.4397],[-75.7188,-13.4126],[-75.7625,-13.4138],[-75.8097,-13.3889],[-75.7876,-13.3348],[-75.7065,-13.2883],[-75.7024,-13.2269],[-75.6889,-13.2143],[-75.7063,-13.1877],[-75.694,-13.1466],[-75.7188,-13.1098],[-75.6866,-13.0431],[-75.6756,-13.0437],[-75.6806,-13.0704],[-75.658,-13.0823],[-75.6286,-13.0571],[-75.639,-13.0308],[-75.6026,-12.9802],[-75.6363,-12.9156],[-75.6127,-12.8592],[-75.5704,-12.8429],[-75.5603,-12.8174],[-75.5302,-12.8216],[-75.5082,-12.7798],[-75.5771,-12.7157],[-75.5537,-12.7042],[-75.5515,-12.684],[-75.5796,-12.6415],[-75.5254,-12.6184],[-75.4672,-12.6833],[-75.4526,-12.6572],[-75.4608,-12.6314],[-75.4426,-12.6177],[-75.4154,-12.6284],[-75.4094,-12.5847],[-75.3193,-12.5145],[-75.3247,-12.4855],[-75.2155,-12.4634],[-75.2201,-12.3905],[-75.1824,-12.3603],[-75.1541,-12.3957],[-75.131,-12.3785],[-75.1401,-12.3414],[-75.0989,-12.2853],[-75.1004,-12.2511],[-75.0494,-12.2013],[-75.0489,-12.1675],[-75.0769,-12.1471],[-75.0629,-12.1347],[-75.0652,-12.0919],[-75.0864,-12.0533],[-75.049,-11.9992],[-74.9978,-12.0211],[-74.939,-12.0184],[-74.8708,-12.066],[-74.8374,-12.0708],[-74.8187,-12.0535],[-74.7445,-12.0409],[-74.7169,-12.0594],[-74.6834,-12.0381],[-74.6576,-11.9927],[-74.6242,-11.9852],[-74.6025,-11.9995],[-74.5712,-11.9871]]]]}},{"type":"Feature","properties":{"departamento":"HUANUCO","coddep":"10","nombre":"Huánuco"},"geometry":{"type":"MultiPolygon","coordinates":[[[[-75.992,-8.3211],[-75.9463,-8.3991],[-75.9676,-8.4599],[-75.9545,-8.4995],[-75.9707,-8.5124],[-75.9792,-8.654],[-75.9216,-8.7808],[-75.9279,-8.8445],[-75.8838,-8.9727],[-75.8919,-9.002],[-75.8379,-9.0619],[-75.7961,-9.2027],[-75.7638,-9.2171],[-75.764,-9.2378],[-75.7202,-9.2772],[-75.7057,-9.3363],[-75.6886,-9.3494],[-75.695,-9.3639],[-75.6711,-9.3859],[-75.6705,-9.4179],[-75.6007,-9.4138],[-75.4936,-9.377],[-75.452,-9.2963],[-75.3722,-9.3102],[-75.3341,-9.2888],[-75.3139,-9.3021],[-75.2797,-9.2769],[-75.2719,-9.2334],[-75.2422,-9.2209],[-75.2119,-9.1764],[-75.2419,-9.1021],[-75.2065,-9.1013],[-75.2012,-9.0638],[-75.1624,-9.034],[-75.1739,-9.0116],[-75.1197,-8.9835],[-75.1348,-8.946],[-75.1084,-8.9223],[-75.1226,-8.881],[-74.9407,-8.8579],[-74.8522,-8.7631],[-74.8473,-8.6616],[-74.6178,-8.5487],[-74.5776,-8.5538],[-74.5471,-8.5846],[-74.5254,-8.7493],[-74.5322,-8.7761],[-74.6183,-8.832],[-74.6242,-8.8887],[-74.6443,-8.9188],[-74.6479,-8.9958],[-74.6692,-9.0203],[-74.6514,-9.0488],[-74.6781,-9.094],[-74.6365,-9.1255],[-74.6361,-9.173],[-74.5899,-9.2672],[-74.5894,-9.3032],[-74.6274,-9.3648],[-74.6543,-9.3688],[-74.7094,-9.4222],[-74.676,-9.4469],[-74.7288,-9.4724],[-74.7505,-9.5246],[-74.7356,-9.5744],[-74.7725,-9.6124],[-74.7648,-9.6357],[-74.7875,-9.6658],[-74.8219,-9.6772],[-74.8168,-9.7364],[-74.8438,-9.7491],[-74.8471,-9.7805],[-74.8156,-9.7954],[-74.8362,-9.82],[-74.835,-9.8471],[-74.8824,-9.8197],[-74.9856,-9.8641],[-74.9936,-9.8398],[-75.0578,-9.8189],[-75.0945,-9.8445],[-75.1601,-9.84],[-75.2547,-9.779],[-75.3106,-9.7747],[-75.2792,-9.8382],[-75.2824,-9.8647],[-75.3996,-9.8785],[-75.4112,-9.8884],[-75.3955,-9.9128],[-75.4048,-9.9302],[-75.4496,-9.9416],[-75.4678,-9.9891],[-75.5484,-9.9844],[-75.5604,-9.9641],[-75.5964,-9.9537],[-75.6021,-10.0248],[-75.6452,-10.0269],[-75.6765,-10.0543],[-75.7094,-10.2151],[-75.7848,-10.2522],[-75.8127,-10.2441],[-75.8397,-10.2574],[-75.8564,-10.3017],[-75.9249,-10.3567],[-75.925,-10.4066],[-75.9767,-10.4799],[-76.0031,-10.4888],[-76.0122,-10.4546],[-76.0576,-10.4652],[-76.0783,-10.4342],[-76.1296,-10.4308],[-76.1426,-10.4086],[-76.1667,-10.4136],[-76.2072,-10.3887],[-76.2054,-10.3766],[-76.2309,-10.3718],[-76.2263,-10.3969],[-76.2695,-10.369],[-76.2853,-10.4164],[-76.3055,-10.4125],[-76.3258,-10.3055],[-76.3421,-10.2858],[-76.3645,-10.2995],[-76.3872,-10.2893],[-76.4249,-10.3192],[-76.494,-10.3105],[-76.4728,-10.3378],[-76.4909,-10.3789],[-76.5582,-10.3934],[-76.5781,-10.3755],[-76.5934,-10.4015],[-76.6968,-10.4425],[-76.7274,-10.479],[-76.7723,-10.4642],[-76.7999,-10.4396],[-76.8057,-10.3923],[-76.8317,-10.3931],[-76.8408,-10.3632],[-76.8659,-10.3748],[-76.9161,-10.2246],[-76.9155,-10.1199],[-76.8799,-10.1166],[-76.8713,-10.0943],[-76.8536,-10.1018],[-76.8432,-10.0868],[-76.8072,-10.0845],[-76.825,-10.0092],[-76.8138,-9.9601],[-76.8419,-9.9306],[-76.8978,-9.8093],[-76.9016,-9.7697],[-76.9414,-9.7059],[-76.981,-9.7246],[-76.9743,-9.7602],[-77.0206,-9.7113],[-77.0487,-9.6495],[-77.0292,-9.613],[-76.9952,-9.6033],[-76.9802,-9.564],[-76.9546,-9.5593],[-76.9376,-9.5254],[-76.9533,-9.4675],[-76.9303,-9.4332],[-76.9352,-9.3985],[-76.8467,-9.2642],[-76.834,-9.266],[-76.8155,-9.3265],[-76.7579,-9.3622],[-76.726,-9.2562],[-76.7346,-9.2088],[-76.79,-9.1359],[-76.8701,-9.1141],[-76.9293,-9.0706],[-76.9802,-9.063],[-77.0357,-9.0],[-77.11,-8.97],[-77.1057,-8.9492],[-77.1648,-8.8891],[-77.1743,-8.8345],[-77.2482,-8.7273],[-77.2606,-8.6485],[-77.2936,-8.637],[-77.2887,-8.5898],[-77.3175,-8.5302],[-77.2828,-8.5059],[-77.2641,-8.4675],[-77.2027,-8.4854],[-77.1338,-8.44],[-77.1399,-8.4805],[-77.0819,-8.4873],[-77.0917,-8.517],[-77.0498,-8.5537],[-77.0116,-8.5377],[-76.9773,-8.5606],[-76.9542,-8.5453],[-76.936,-8.567],[-76.8971,-8.5688],[-76.8874,-8.5548],[-76.8647,-8.5663],[-76.8427,-8.5252],[-76.8044,-8.5106],[-76.7684,-8.5268],[-76.7284,-8.515],[-76.6971,-8.5325],[-76.5478,-8.4976],[-76.4948,-8.5496],[-76.4925,-8.5758],[-76.4662,-8.5697],[-76.4175,-8.4437],[-76.3667,-8.4115],[-76.3323,-8.4318],[-76.3123,-8.501],[-76.3251,-8.5243],[-76.2997,-8.5569],[-76.3058,-8.5732],[-76.2804,-8.5736],[-76.2873,-8.5854],[-76.2641,-8.6103],[-76.2695,-8.6525],[-76.2483,-8.683],[-76.2574,-8.7066],[-76.2287,-8.745],[-76.245,-8.7515],[-76.2231,-8.7855],[-76.1986,-8.7697],[-76.2034,-8.7533],[-76.1669,-8.7565],[-76.1395,-8.6666],[-76.1071,-8.6488],[-76.1347,-8.5726],[-76.1307,-8.4679],[-76.1078,-8.399],[-76.1275,-8.3575],[-76.107,-8.3318],[-76.0563,-8.3293],[-76.0426,-8.3416],[-76.0025,-8.3052],[-75.992,-8.3211]]]]}},{"type":"Feature","properties":{"departamento":"ICA","coddep":"11","nombre":"Ica"},"geometry":{"type":"MultiPolygon","coordinates":[[[[-75.6114,-12.9665],[-75.6086,-13.0041],[-75.6393,-13.032],[-75.6286,-13.0571],[-75.658,-13.0823],[-75.6806,-13.0704],[-75.6756,-13.0437],[-75.6866,-13.0431],[-75.7188,-13.1098],[-75.694,-13.1466],[-75.7063,-13.1877],[-75.6889,-13.2143],[-75.7024,-13.2269],[-75.7065,-13.2883],[-75.7876,-13.3348],[-75.8094,-13.3968],[-75.7188,-13.4126],[-75.6893,-13.4397],[-75.6334,-13.4112],[-75.6149,-13.4168],[-75.599,-13.39],[-75.5381,-13.4048],[-75.5009,-13.3547],[-75.4998,-13.3891],[-75.4657,-13.4341],[-75.4702,-13.4838],[-75.495,-13.5243],[-75.4773,-13.5255],[-75.5196,-13.6035],[-75.4846,-13.6547],[-75.5312,-13.7427],[-75.5546,-13.7496],[-75.5376,-13.7624],[-75.5249,-13.8179],[-75.5634,-13.8409],[-75.5599,-13.8713],[-75.5464,-13.8894],[-75.4335,-13.9141],[-75.3592,-13.9715],[-75.3557,-13.9958],[-75.329,-14.018],[-75.2334,-14.0033],[-75.2601,-14.042],[-75.1866,-14.0541],[-75.1657,-14.0725],[-75.1088,-14.0329],[-75.0885,-14.0816],[-75.0635,-14.0884],[-75.0574,-14.124],[-75.0887,-14.2298],[-75.0322,-14.2657],[-75.0939,-14.3124],[-75.1398,-14.4159],[-75.1058,-14.434],[-75.053,-14.4312],[-75.0981,-14.4851],[-75.0867,-14.5302],[-75.0671,-14.5286],[-75.0801,-14.569],[-75.0659,-14.5745],[-75.0599,-14.6226],[-74.9589,-14.6065],[-74.9466,-14.5808],[-74.8829,-14.5462],[-74.884,-14.5762],[-74.859,-14.6084],[-74.7882,-14.6156],[-74.8486,-14.6722],[-74.8253,-14.7364],[-74.8027,-14.7521],[-74.7157,-14.7098],[-74.7647,-14.7905],[-74.7478,-14.8131],[-74.7144,-14.8178],[-74.7546,-14.8353],[-74.7325,-14.8467],[-74.6938,-14.8382],[-74.6625,-14.8984],[-74.6855,-14.9295],[-74.6462,-14.9772],[-74.6657,-14.9979],[-74.6653,-15.0499],[-74.9293,-15.1924],[-74.9636,-15.2539],[-74.9682,-15.2994],[-75.0166,-15.3511],[-75.0455,-15.4303],[-75.0745,-15.4434],[-75.0819,-15.424],[-75.1404,-15.4072],[-75.1615,-15.3781],[-75.1945,-15.3681],[-75.1567,-15.356],[-75.1518,-15.3355],[-75.1692,-15.3071],[-75.2291,-15.2857],[-75.2638,-15.2512],[-75.2184,-15.2493],[-75.2342,-15.2005],[-75.3169,-15.1499],[-75.3495,-15.1583],[-75.3579,-15.1399],[-75.3717,-15.1515],[-75.3713,-15.1281],[-75.4427,-15.0006],[-75.5031,-14.9624],[-75.4916,-14.9342],[-75.5098,-14.9108],[-75.8556,-14.7163],[-75.8558,-14.6944],[-75.9168,-14.6589],[-75.9305,-14.5713],[-75.9747,-14.5246],[-75.9723,-14.4705],[-76.0391,-14.4245],[-76.0662,-14.3869],[-76.1365,-14.3488],[-76.1452,-14.3302],[-76.111,-14.3292],[-76.1053,-14.3141],[-76.138,-14.2342],[-76.1905,-14.1983],[-76.2258,-14.1505],[-76.2709,-14.1422],[-76.2532,-14.1605],[-76.2721,-14.2002],[-76.2934,-14.1633],[-76.2787,-14.1524],[-76.2922,-14.089],[-76.2606,-14.0558],[-76.2626,-14.0202],[-76.2858,-13.9968],[-76.2702,-13.9809],[-76.2954,-13.9284],[-76.2829,-13.909],[-76.3062,-13.8922],[-76.3281,-13.9249],[-76.3965,-13.9088],[-76.3654,-13.8033],[-76.2964,-13.7933],[-76.3116,-13.8471],[-76.2976,-13.838],[-76.263,-13.869],[-76.2507,-13.8539],[-76.2581,-13.8387],[-76.1851,-13.5268],[-76.1933,-13.4234],[-76.2448,-13.3235],[-76.2029,-13.3017],[-76.1553,-13.1922],[-76.0119,-13.0855],[-75.9429,-12.9922],[-75.8497,-13.0362],[-75.8243,-13.0305],[-75.8021,-13.0604],[-75.7646,-13.0182],[-75.7232,-13.0387],[-75.6905,-13.0351],[-75.6657,-13.0165],[-75.667,-12.9966],[-75.6114,-12.9665]]]]}},{"type":"Feature","properties":{"departamento":"JUNIN","coddep":"12","nombre":"Junín"},"geometry":{"type":"MultiPolygon","coordinates":[[[[-75.0356,-10.6823],[-75.0117,-10.6795],[-75.0065,-10.7188],[-74.9828,-10.7498],[-74.9565,-10.7328],[-74.8856,-10.7706],[-74.8659,-10.759],[-74.8875,-10.7107],[-74.8786,-10.7005],[-74.7948,-10.8299],[-74.7332,-10.8339],[-74.6908,-10.8868],[-74.6402,-10.8691],[-74.6141,-10.9046],[-74.5624,-10.9137],[-74.5084,-10.9503],[-74.4965,-11.0002],[-74.4503,-11.0019],[-74.3737,-11.0565],[-74.2564,-11.0182],[-74.2028,-11.021],[-74.1909,-10.986],[-74.1557,-10.9988],[-74.0072,-10.9913],[-73.9759,-11.1255],[-73.9546,-11.1504],[-73.9165,-11.1431],[-73.8887,-11.1701],[-73.8527,-11.1643],[-73.8619,-10.9768],[-73.8234,-10.9211],[-73.8178,-10.8138],[-73.7818,-10.7862],[-73.782,-10.7506],[-73.7421,-10.734],[-73.6104,-10.8466],[-73.5609,-10.8593],[-73.5726,-10.9545],[-73.5426,-11.0474],[-73.4826,-11.0652],[-73.4711,-11.0885],[-73.4498,-11.2368],[-73.4846,-11.3503],[-73.4679,-11.3437],[-73.4197,-11.3839],[-73.4798,-11.4699],[-73.4504,-11.5331],[-73.4871,-11.5349],[-73.5023,-11.5632],[-73.5597,-11.5921],[-73.6125,-11.6779],[-73.5719,-11.7426],[-73.5775,-11.8365],[-73.4905,-11.8782],[-73.4416,-11.9413],[-73.4355,-11.9967],[-73.3979,-12.0209],[-73.401,-12.0908],[-73.3551,-12.1128],[-73.3648,-12.1376],[-73.4414,-12.154],[-73.4699,-12.2369],[-73.5743,-12.2768],[-73.5983,-12.3853],[-73.6577,-12.3595],[-73.6599,-12.3287],[-73.7045,-12.2694],[-73.7618,-12.2529],[-73.7956,-12.2623],[-73.8342,-12.2429],[-73.8718,-12.2454],[-73.9249,-12.2832],[-73.9722,-12.2943],[-73.9805,-12.2426],[-73.9999,-12.2836],[-74.0398,-12.2614],[-74.0974,-12.2837],[-74.1214,-12.3336],[-74.1312,-12.3146],[-74.1837,-12.3166],[-74.1883,-12.3031],[-74.2187,-12.3017],[-74.218,-12.2781],[-74.2909,-12.2234],[-74.3304,-12.2219],[-74.3517,-12.178],[-74.3433,-12.1691],[-74.3613,-12.1552],[-74.3517,-12.137],[-74.4103,-12.1065],[-74.4142,-12.0765],[-74.4544,-12.0339],[-74.4876,-12.0337],[-74.5717,-11.9848],[-74.6025,-11.9995],[-74.6242,-11.9852],[-74.6576,-11.9927],[-74.6834,-12.0381],[-74.7169,-12.0594],[-74.7445,-12.0409],[-74.8187,-12.0535],[-74.8374,-12.0708],[-74.8708,-12.066],[-74.939,-12.0184],[-74.9978,-12.0211],[-75.0475,-11.9986],[-75.0864,-12.0533],[-75.0652,-12.0919],[-75.0629,-12.1347],[-75.0769,-12.1471],[-75.0489,-12.1675],[-75.0494,-12.2013],[-75.1004,-12.2511],[-75.0989,-12.2853],[-75.1401,-12.3414],[-75.131,-12.3785],[-75.1541,-12.3957],[-75.1824,-12.3603],[-75.2201,-12.3905],[-75.2155,-12.4634],[-75.3247,-12.4855],[-75.3193,-12.5145],[-75.4094,-12.5847],[-75.4154,-12.6284],[-75.4426,-12.6177],[-75.4608,-12.6314],[-75.4526,-12.6572],[-75.4672,-12.6833],[-75.5254,-12.6184],[-75.5796,-12.6415],[-75.5718,-12.5641],[-75.536,-12.5185],[-75.5669,-12.4122],[-75.5487,-12.3642],[-75.6713,-12.1925],[-75.6275,-12.1417],[-75.6345,-12.1148],[-75.6882,-12.0821],[-75.6739,-12.0579],[-75.6943,-12.0427],[-75.742,-12.0365],[-75.7657,-12.0596],[-75.8189,-12.0137],[-75.8324,-12.0251],[-75.8425,-12.0065],[-75.9233,-11.9843],[-75.9932,-11.9947],[-76.0526,-11.9482],[-76.0582,-11.88],[-76.1373,-11.7805],[-76.1544,-11.7814],[-76.2023,-11.728],[-76.1933,-11.6735],[-76.2049,-11.6595],[-76.1883,-11.6424],[-76.1989,-11.6259],[-76.1796,-11.6129],[-76.1894,-11.5904],[-76.2287,-11.5538],[-76.2977,-11.5962],[-76.3044,-11.5675],[-76.35,-11.5423],[-76.3506,-11.5204],[-76.3768,-11.5015],[-76.3774,-11.4442],[-76.3961,-11.4423],[-76.4227,-11.3549],[-76.451,-11.3439],[-76.4785,-11.292],[-76.4569,-11.2725],[-76.4907,-11.2466],[-76.4921,-11.1893],[-76.519,-11.1168],[-76.4468,-11.0712],[-76.3923,-11.0704],[-76.351,-11.0942],[-76.3367,-11.0825],[-76.3191,-11.0906],[-76.3079,-11.1327],[-76.2146,-11.1503],[-76.2501,-11.1052],[-76.2396,-11.0492],[-76.2597,-11.0274],[-76.2763,-10.9189],[-76.248,-10.9332],[-76.1475,-11.0787],[-76.1219,-11.0856],[-76.0964,-11.1208],[-76.0964,-11.1084],[-76.067,-11.1145],[-76.0644,-11.0954],[-76.0279,-11.0853],[-76.0114,-11.0325],[-76.0446,-11.0247],[-76.0731,-10.9743],[-76.1229,-10.9621],[-76.0821,-10.8951],[-76.0455,-10.8807],[-75.9948,-10.821],[-75.9371,-10.8715],[-75.9359,-10.8897],[-75.8761,-10.8675],[-75.837,-10.886],[-75.7891,-10.8253],[-75.7586,-10.8301],[-75.7328,-10.8093],[-75.6933,-10.8172],[-75.6785,-10.8402],[-75.6066,-10.8231],[-75.5841,-10.8016],[-75.5678,-10.7271],[-75.5569,-10.7441],[-75.4902,-10.7568],[-75.4779,-10.781],[-75.4608,-10.7498],[-75.3948,-10.7591],[-75.3908,-10.8323],[-75.4107,-10.8617],[-75.3963,-10.8532],[-75.3857,-10.8649],[-75.3627,-10.8501],[-75.3479,-10.8003],[-75.2839,-10.8415],[-75.248,-10.8031],[-75.2439,-10.7639],[-75.2042,-10.7647],[-75.1899,-10.7804],[-75.1766,-10.7499],[-75.1571,-10.762],[-75.1096,-10.724],[-75.0651,-10.6529],[-75.0356,-10.6823]]]]}},{"type":"Feature","properties":{"departamento":"LA LIBERTAD","coddep":"13","nombre":"La Libertad"},"geometry":{"type":"MultiPolygon","coordinates":[[[[-77.7575,-6.9658],[-77.74,-7.0354],[-77.707,-7.0685],[-77.7134,-7.1079],[-77.6155,-7.178],[-77.6055,-7.2192],[-77.6474,-7.2415],[-77.6284,-7.3208],[-77.6392,-7.3437],[-77.6217,-7.397],[-77.6309,-7.4139],[-77.5597,-7.4642],[-77.5391,-7.5074],[-77.5214,-7.5096],[-77.5401,-7.5774],[-77.4969,-7.5827],[-77.4858,-7.604],[-77.5284,-7.616],[-77.5227,-7.6334],[-77.5384,-7.6502],[-77.5116,-7.6574],[-77.4979,-7.6864],[-77.4672,-7.6747],[-77.4592,-7.6869],[-77.4834,-7.6977],[-77.4833,-7.7202],[-77.5262,-7.7539],[-77.5255,-7.7683],[-77.4429,-7.8136],[-77.4108,-7.9005],[-77.3769,-7.9088],[-77.4071,-7.992],[-77.3749,-8.0315],[-77.3855,-8.0554],[-77.2967,-8.0626],[-77.2601,-8.0484],[-77.2319,-8.0117],[-77.0245,-8.0492],[-76.9849,-8.1139],[-76.9302,-8.1385],[-76.9073,-8.1694],[-76.9256,-8.2185],[-76.9012,-8.2835],[-76.9319,-8.3426],[-76.927,-8.3593],[-76.9684,-8.3712],[-76.9769,-8.3961],[-77.0004,-8.3824],[-77.034,-8.4047],[-77.0699,-8.3975],[-77.1046,-8.4448],[-77.1338,-8.44],[-77.1855,-8.4802],[-77.2638,-8.4674],[-77.2934,-8.5171],[-77.3343,-8.5332],[-77.3995,-8.4834],[-77.4055,-8.4415],[-77.4384,-8.4223],[-77.4589,-8.3357],[-77.4783,-8.3261],[-77.4914,-8.2826],[-77.5277,-8.2671],[-77.5312,-8.2433],[-77.575,-8.2309],[-77.557,-8.1942],[-77.6367,-8.1086],[-77.6188,-8.0798],[-77.6474,-8.0497],[-77.7858,-8.0792],[-77.8522,-8.0748],[-77.8679,-8.0559],[-77.8956,-8.0619],[-77.9332,-8.197],[-78.0186,-8.2243],[-78.0368,-8.2559],[-78.1194,-8.3136],[-78.1084,-8.3381],[-78.1375,-8.3687],[-78.1574,-8.4788],[-78.2169,-8.5573],[-78.1935,-8.6001],[-78.205,-8.6306],[-78.2461,-8.6584],[-78.3548,-8.6733],[-78.4384,-8.7327],[-78.5516,-8.775],[-78.5883,-8.8587],[-78.5765,-8.889],[-78.5899,-8.9426],[-78.6449,-8.9692],[-78.6517,-8.9144],[-78.7612,-8.774],[-78.7374,-8.7115],[-78.7611,-8.5948],[-78.8133,-8.5333],[-78.9345,-8.437],[-78.9052,-8.4207],[-78.8954,-8.3829],[-78.9572,-8.2925],[-78.9626,-8.2619],[-78.9936,-8.2358],[-78.9842,-8.2126],[-79.1156,-8.0967],[-79.1301,-8.0598],[-79.3079,-7.9254],[-79.3745,-7.8444],[-79.3896,-7.7912],[-79.4655,-7.7166],[-79.4377,-7.6983],[-79.4377,-7.6713],[-79.5766,-7.4615],[-79.5886,-7.4149],[-79.5698,-7.39],[-79.5992,-7.2866],[-79.6906,-7.1771],[-79.508,-6.9704],[-79.4688,-6.9665],[-79.455,-6.9463],[-79.4008,-6.9569],[-79.3226,-7.0257],[-79.3305,-7.076],[-79.2962,-7.1296],[-79.3053,-7.1471],[-79.2518,-7.1983],[-79.2756,-7.2155],[-79.2689,-7.2784],[-79.3068,-7.2837],[-79.3665,-7.3314],[-79.3158,-7.3596],[-79.2829,-7.3487],[-79.2315,-7.3909],[-79.1944,-7.3734],[-79.1545,-7.4391],[-79.0654,-7.4727],[-79.0716,-7.5053],[-79.0598,-7.5467],[-79.0386,-7.5621],[-79.0412,-7.5999],[-78.9934,-7.6605],[-78.9535,-7.6498],[-78.9443,-7.5984],[-78.9128,-7.5511],[-78.8511,-7.5221],[-78.8867,-7.4841],[-78.7944,-7.3972],[-78.7813,-7.4237],[-78.7601,-7.402],[-78.7337,-7.4207],[-78.664,-7.4036],[-78.6278,-7.4526],[-78.6502,-7.5278],[-78.6246,-7.5486],[-78.4914,-7.5549],[-78.4156,-7.4851],[-78.3278,-7.4975],[-78.3257,-7.5099],[-78.349,-7.5112],[-78.3608,-7.53],[-78.3568,-7.574],[-78.3782,-7.594],[-78.3828,-7.6301],[-78.3602,-7.6449],[-78.348,-7.6857],[-78.2762,-7.7196],[-78.2812,-7.7473],[-78.2218,-7.7635],[-78.2194,-7.7245],[-78.1713,-7.7134],[-78.1284,-7.6532],[-78.0812,-7.6962],[-78.0496,-7.6786],[-77.9628,-7.6743],[-77.9601,-7.6553],[-77.9366,-7.6575],[-77.9405,-7.6406],[-77.9131,-7.6259],[-77.9224,-7.5997],[-77.8679,-7.583],[-77.8569,-7.5235],[-77.746,-7.4792],[-77.7716,-7.4188],[-77.825,-7.3787],[-77.8328,-7.3046],[-77.8568,-7.2826],[-77.8492,-7.2356],[-77.882,-7.2205],[-77.8979,-7.1668],[-77.9256,-7.1546],[-77.9297,-7.1055],[-78.0011,-6.9866],[-77.9861,-6.963],[-77.9287,-6.9868],[-77.8803,-6.9625],[-77.8422,-6.9769],[-77.8343,-6.9572],[-77.8019,-6.9661],[-77.7793,-6.9415],[-77.7575,-6.9658]]]]}},{"type":"Feature","properties":{"departamento":"LAMBAYEQUE","coddep":"14","nombre":"Lambayeque"},"geometry":{"type":"MultiPolygon","coordinates":[[[[-79.8837,-5.4928],[-79.854,-5.5307],[-79.8644,-5.5634],[-79.8335,-5.6452],[-79.7664,-5.6617],[-79.7678,-5.6853],[-79.7525,-5.6913],[-79.7664,-5.7083],[-79.7169,-5.74],[-79.736,-5.8301],[-79.689,-5.848],[-79.6627,-5.8347],[-79.6125,-5.9408],[-79.5538,-5.9383],[-79.4839,-5.8881],[-79.4237,-5.9273],[-79.3354,-5.894],[-79.3619,-5.9328],[-79.4205,-5.9721],[-79.4172,-6.0052],[-79.3959,-5.9772],[-79.349,-5.9797],[-79.317,-6.0429],[-79.3221,-5.9991],[-79.3004,-5.9852],[-79.2633,-6.0033],[-79.266,-6.025],[-79.2409,-6.0286],[-79.2249,-6.0547],[-79.204,-6.0241],[-79.1756,-6.0414],[-79.1889,-6.0589],[-79.1819,-6.0893],[-79.2351,-6.0937],[-79.2734,-6.1477],[-79.2491,-6.2244],[-79.279,-6.2293],[-79.3005,-6.2675],[-79.329,-6.2663],[-79.3528,-6.304],[-79.4227,-6.3104],[-79.4586,-6.3721],[-79.4229,-6.4519],[-79.4339,-6.4812],[-79.4171,-6.5053],[-79.4219,-6.5334],[-79.4044,-6.5413],[-79.3696,-6.5208],[-79.3607,-6.5688],[-79.3357,-6.6024],[-79.3625,-6.6348],[-79.304,-6.6516],[-79.2956,-6.6761],[-79.2291,-6.6714],[-79.1884,-6.7165],[-79.1427,-6.6999],[-79.1209,-6.7777],[-79.2071,-6.8214],[-79.2248,-6.8584],[-79.2627,-6.8592],[-79.311,-6.9013],[-79.2967,-7.0007],[-79.3209,-7.0252],[-79.4008,-6.9569],[-79.455,-6.9463],[-79.4688,-6.9665],[-79.508,-6.9704],[-79.6906,-7.1771],[-79.6862,-7.1205],[-79.9318,-6.8733],[-79.9425,-6.8202],[-79.9959,-6.7391],[-80.1904,-6.5982],[-80.6271,-6.3721],[-80.4245,-6.0277],[-80.3882,-5.9961],[-80.328,-6.0058],[-80.3495,-5.978],[-80.2874,-5.9207],[-80.171,-5.8799],[-80.1238,-5.8913],[-80.1201,-5.8722],[-80.056,-5.8164],[-80.0924,-5.7951],[-80.1029,-5.7615],[-80.0952,-5.7026],[-80.0611,-5.6844],[-80.07,-5.6462],[-80.0507,-5.5406],[-79.9387,-5.5167],[-79.9011,-5.4809],[-79.8837,-5.4928]]]]}},{"type":"Feature","properties":{"departamento":"LIMA","coddep":"15","nombre":"Lima"},"geometry":{"type":"MultiPolygon","coordinates":[[[[-76.9048,-10.2773],[-76.8747,-10.3209],[-76.8659,-10.3748],[-76.8405,-10.3633],[-76.8317,-10.3931],[-76.8057,-10.3923],[-76.7999,-10.4396],[-76.7288,-10.4765],[-76.7037,-10.5886],[-76.6859,-10.5815],[-76.6557,-10.6468],[-76.671,-10.6778],[-76.6278,-10.766],[-76.6335,-10.7845],[-76.5839,-10.8536],[-76.565,-10.9639],[-76.5816,-10.985],[-76.5789,-11.0148],[-76.533,-11.0341],[-76.4912,-11.0894],[-76.4957,-11.1096],[-76.5192,-11.1181],[-76.4921,-11.1893],[-76.4907,-11.2466],[-76.4569,-11.2725],[-76.4785,-11.292],[-76.451,-11.3439],[-76.4227,-11.3549],[-76.3961,-11.4423],[-76.3774,-11.4442],[-76.3768,-11.5015],[-76.3506,-11.5204],[-76.35,-11.5423],[-76.3044,-11.5675],[-76.2977,-11.5962],[-76.2287,-11.5538],[-76.1894,-11.5904],[-76.1796,-11.6129],[-76.1973,-11.6223],[-76.1884,-11.6431],[-76.2049,-11.6595],[-76.1933,-11.6735],[-76.2075,-11.6998],[-76.1989,-11.7365],[-76.1544,-11.7814],[-76.1373,-11.7805],[-76.0586,-11.8794],[-76.0526,-11.9482],[-76.0143,-11.9843],[-75.8843,-11.9936],[-75.8425,-12.0065],[-75.8336,-12.0247],[-75.8189,-12.0137],[-75.7657,-12.0596],[-75.742,-12.0365],[-75.6739,-12.0579],[-75.6882,-12.0821],[-75.6346,-12.1146],[-75.627,-12.1348],[-75.6713,-12.1925],[-75.5487,-12.3642],[-75.5669,-12.4122],[-75.536,-12.5185],[-75.5794,-12.5951],[-75.578,-12.6535],[-75.5515,-12.684],[-75.5537,-12.7042],[-75.5771,-12.7157],[-75.5075,-12.7772],[-75.5302,-12.8216],[-75.5603,-12.8174],[-75.5704,-12.8429],[-75.6127,-12.8592],[-75.6363,-12.915],[-75.6141,-12.9646],[-75.667,-12.9966],[-75.6657,-13.0165],[-75.6905,-13.0351],[-75.7232,-13.0387],[-75.7646,-13.0182],[-75.8008,-13.0603],[-75.8269,-13.0294],[-75.8522,-13.0353],[-75.9377,-12.9913],[-75.9575,-12.9991],[-75.9686,-13.0408],[-76.0119,-13.0855],[-76.1553,-13.1922],[-76.2029,-13.3017],[-76.2428,-13.3231],[-76.4904,-13.0302],[-76.4829,-13.0159],[-76.5165,-12.9554],[-76.5058,-12.9258],[-76.5195,-12.8505],[-76.6379,-12.7452],[-76.6301,-12.721],[-76.6564,-12.6991],[-76.6726,-12.6275],[-76.7344,-12.5482],[-76.8039,-12.509],[-76.8031,-12.4803],[-76.775,-12.4379],[-76.7785,-12.3917],[-76.8553,-12.3002],[-77.0378,-12.2056],[-77.0299,-12.1352],[-77.1115,-12.0795],[-77.0779,-12.0466],[-77.0963,-12.0336],[-77.0893,-12.0117],[-77.118,-11.9949],[-77.1097,-11.9762],[-77.1286,-11.9381],[-77.0952,-11.9497],[-77.0924,-11.8831],[-77.1268,-11.8185],[-77.1882,-11.8284],[-77.178,-11.8021],[-77.1983,-11.7682],[-77.1766,-11.7738],[-77.1698,-11.7387],[-77.2,-11.6933],[-77.2078,-11.6481],[-77.2828,-11.5868],[-77.2714,-11.572],[-77.3007,-11.518],[-77.3605,-11.4602],[-77.6483,-11.3027],[-77.6471,-11.2217],[-77.6017,-11.214],[-77.5923,-11.1821],[-77.6201,-11.1269],[-77.6131,-11.1122],[-77.6339,-11.0936],[-77.6334,-11.0545],[-77.6619,-11.0135],[-77.6468,-10.9982],[-77.6578,-10.9465],[-77.7015,-10.8861],[-77.706,-10.8536],[-77.7508,-10.8188],[-77.744,-10.7945],[-77.7624,-10.7628],[-77.8863,-10.6125],[-77.8397,-10.5679],[-77.7997,-10.5853],[-77.7714,-10.5716],[-77.7707,-10.5157],[-77.7988,-10.4773],[-77.7499,-10.4068],[-77.7525,-10.3219],[-77.6924,-10.3209],[-77.6513,-10.3446],[-77.6306,-10.3221],[-77.5978,-10.381],[-77.6867,-10.434],[-77.7106,-10.5038],[-77.7431,-10.529],[-77.7448,-10.5608],[-77.6692,-10.5406],[-77.6247,-10.502],[-77.6013,-10.5093],[-77.6453,-10.5829],[-77.6195,-10.6142],[-77.6049,-10.5901],[-77.5743,-10.5884],[-77.5906,-10.6456],[-77.5631,-10.7094],[-77.5912,-10.7864],[-77.5239,-10.735],[-77.4915,-10.746],[-77.4361,-10.7236],[-77.4154,-10.73],[-77.3857,-10.7078],[-77.4038,-10.691],[-77.3953,-10.6615],[-77.3106,-10.5677],[-77.2522,-10.5453],[-77.191,-10.5521],[-77.1673,-10.5081],[-77.1746,-10.4646],[-77.1121,-10.4048],[-77.0716,-10.3381],[-77.0247,-10.3275],[-77.0036,-10.2821],[-76.9655,-10.3054],[-76.936,-10.2785],[-76.9048,-10.2773]]]]}},{"type":"Feature","properties":{"departamento":"LORETO","coddep":"16","nombre":"Loreto"},"geometry":{"type":"MultiPolygon","coordinates":[[[[-75.1,-0.081],[-75.0774,-0.0842],[-75.0169,-0.1457],[-74.9728,-0.1535],[-74.9586,-0.1938],[-74.9283,-0.2202],[-74.9107,-0.2035],[-74.8923,-0.2369],[-74.8481,-0.2336],[-74.809,-0.189],[-74.7825,-0.2014],[-74.7315,-0.2901],[-74.7267,-0.3436],[-74.7106,-0.3502],[-74.6819,-0.3304],[-74.6839,-0.3593],[-74.6613,-0.3743],[-74.6093,-0.3514],[-74.6151,-0.3775],[-74.5762,-0.3923],[-74.5279,-0.4667],[-74.499,-0.4616],[-74.4976,-0.4883],[-74.4764,-0.4741],[-74.423,-0.4989],[-74.424,-0.5535],[-74.3945,-0.542],[-74.3877,-0.5907],[-74.3609,-0.6238],[-74.3728,-0.6529],[-74.3376,-0.6829],[-74.3454,-0.7054],[-74.3756,-0.717],[-74.3726,-0.7348],[-74.3443,-0.759],[-74.3126,-0.7563],[-74.3167,-0.793],[-74.2833,-0.7779],[-74.2849,-0.8248],[-74.2453,-0.8184],[-74.2682,-0.847],[-74.2692,-0.8793],[-74.3055,-0.8652],[-74.32,-0.8796],[-74.3129,-0.8954],[-74.2783,-0.8999],[-74.2672,-0.9824],[-74.0639,-1.053],[-74.0228,-1.0049],[-74.011,-1.0928],[-73.988,-1.1032],[-73.9617,-1.0826],[-73.9506,-1.0979],[-73.9617,-1.1291],[-73.9095,-1.1216],[-73.8571,-1.2318],[-73.8096,-1.2491],[-73.7882,-1.2397],[-73.7743,-1.2591],[-73.7451,-1.1997],[-73.7323,-1.2456],[-73.6809,-1.238],[-73.647,-1.2672],[-73.6211,-1.2596],[-73.6108,-1.319],[-73.5698,-1.3224],[-73.5792,-1.3596],[-73.5502,-1.4069],[-73.5854,-1.4231],[-73.5343,-1.4328],[-73.5263,-1.468],[-73.489,-1.483],[-73.4951,-1.5101],[-73.4784,-1.5304],[-73.4903,-1.5693],[-73.4573,-1.5743],[-73.5037,-1.6226],[-73.5367,-1.6859],[-73.5295,-1.7073],[-73.4999,-1.7312],[-73.4593,-1.7364],[-73.4316,-1.7887],[-73.3833,-1.7747],[-73.327,-1.8049],[-73.3174,-1.8262],[-73.2946,-1.7765],[-73.2499,-1.7804],[-73.2568,-1.8025],[-73.2343,-1.8017],[-73.2209,-1.7487],[-73.186,-1.8079],[-73.1473,-1.8027],[-73.1503,-1.8614],[-73.1075,-1.8861],[-73.1234,-1.9812],[-73.1203,-2.0132],[-73.0937,-2.0355],[-73.1067,-2.075],[-73.0698,-2.0879],[-73.1142,-2.1309],[-73.13,-2.1816],[-73.1705,-2.1916],[-73.1677,-2.229],[-73.1177,-2.287],[-73.1229,-2.3239],[-73.0683,-2.3151],[-73.0624,-2.359],[-73.0442,-2.3528],[-73.0338,-2.3147],[-73.0049,-2.3576],[-72.9645,-2.3412],[-72.9517,-2.401],[-72.9226,-2.4195],[-72.9338,-2.4549],[-72.8951,-2.4337],[-72.8518,-2.4358],[-72.7765,-2.3844],[-72.7458,-2.4268],[-72.7269,-2.3909],[-72.7078,-2.3891],[-72.6813,-2.4517],[-72.6373,-2.3888],[-72.6408,-2.3633],[-72.6197,-2.3563],[-72.517,-2.4264],[-72.4716,-2.42],[-72.4282,-2.4374],[-72.4087,-2.4145],[-72.3718,-2.4892],[-72.2975,-2.4736],[-72.2863,-2.4542],[-72.2596,-2.4585],[-72.2622,-2.4355],[-72.2485,-2.4307],[-72.2204,-2.4484],[-72.1695,-2.4319],[-72.1664,-2.4644],[-72.1498,-2.47],[-72.1371,-2.4494],[-72.1453,-2.4062],[-72.0487,-2.3349],[-72.0101,-2.369],[-71.9498,-2.3564],[-71.9224,-2.3782],[-71.9349,-2.3123],[-71.8848,-2.3116],[-71.8328,-2.1904],[-71.7991,-2.2044],[-71.7669,-2.1585],[-71.7325,-2.1401],[-71.7189,-2.1599],[-71.723,-2.2266],[-71.6477,-2.2001],[-71.5872,-2.2383],[-71.5189,-2.249],[-71.5198,-2.3021],[-71.5005,-2.3522],[-71.4794,-2.3401],[-71.4948,-2.278],[-71.4583,-2.2741],[-71.3964,-2.3471],[-71.4066,-2.3883],[-71.3947,-2.407],[-71.3207,-2.3778],[-71.3071,-2.3474],[-71.2722,-2.3335],[-71.2681,-2.3578],[-71.2348,-2.3367],[-71.2002,-2.3746],[-71.1758,-2.379],[-71.1668,-2.3378],[-71.1303,-2.3375],[-71.1434,-2.3016],[-71.1199,-2.2805],[-71.0533,-2.2706],[-70.9961,-2.3035],[-70.9904,-2.2871],[-71.0184,-2.2374],[-71.0046,-2.2088],[-70.9727,-2.2142],[-70.9373,-2.2545],[-70.8794,-2.2209],[-70.855,-2.237],[-70.836,-2.2908],[-70.7778,-2.293],[-70.7512,-2.3283],[-70.6659,-2.3538],[-70.6784,-2.4021],[-70.6649,-2.4104],[-70.6279,-2.395],[-70.6414,-2.4555],[-70.6272,-2.4764],[-70.5993,-2.4844],[-70.5544,-2.4677],[-70.5576,-2.4431],[-70.5964,-2.4259],[-70.5587,-2.42],[-70.5106,-2.4718],[-70.4693,-2.4559],[-70.4286,-2.5249],[-70.362,-2.4899],[-70.301,-2.5026],[-70.3018,-2.5282],[-70.3521,-2.5435],[-70.3565,-2.5642],[-70.3179,-2.5785],[-70.2679,-2.5436],[-70.2453,-2.5504],[-70.2168,-2.6485],[-70.1963,-2.659],[-70.1822,-2.6346],[-70.1662,-2.6364],[-70.1542,-2.6569],[-70.1621,-2.6878],[-70.1405,-2.7005],[-70.1184,-2.6986],[-70.101,-2.6539],[-70.0849,-2.649],[-70.066,-2.6841],[-70.0601,-2.7589],[-70.0736,-2.7907],[-70.7135,-3.7942],[-70.6852,-3.7933],[-70.6525,-3.8289],[-70.619,-3.8401],[-70.5773,-3.828],[-70.5106,-3.8755],[-70.4498,-3.8567],[-70.4138,-3.822],[-70.3876,-3.8285],[-70.3541,-3.7993],[-70.2923,-3.8212],[-70.2535,-3.8845],[-70.1867,-3.9183],[-70.1743,-3.9701],[-70.1144,-4.0495],[-70.0678,-4.076],[-70.0341,-4.1344],[-69.9557,-4.2076],[-69.9496,-4.2794],[-69.9804,-4.3404],[-70.04,-4.3754],[-70.0514,-4.3635],[-70.043,-4.3322],[-70.0791,-4.3121],[-70.0403,-4.2948],[-70.096,-4.2878],[-70.1121,-4.2567],[-70.121,-4.2854],[-70.1564,-4.2747],[-70.1706,-4.3052],[-70.1526,-4.33],[-70.1937,-4.3609],[-70.2138,-4.2984],[-70.2254,-4.317],[-70.26,-4.3086],[-70.2681,-4.2958],[-70.2458,-4.2846],[-70.2522,-4.2712],[-70.2909,-4.2872],[-70.2843,-4.2725],[-70.3095,-4.2512],[-70.2792,-4.2327],[-70.2857,-4.1704],[-70.3215,-4.1427],[-70.3385,-4.1791],[-70.3768,-4.135],[-70.4328,-4.1313],[-70.4349,-4.1627],[-70.4542,-4.1589],[-70.4649,-4.1759],[-70.4852,-4.1608],[-70.5056,-4.1991],[-70.5082,-4.1512],[-70.5511,-4.1363],[-70.541,-4.1548],[-70.5719,-4.2113],[-70.5662,-4.1729],[-70.6162,-4.1935],[-70.6311,-4.1836],[-70.6225,-4.1264],[-70.648,-4.1303],[-70.6502,-4.1641],[-70.6699,-4.1444],[-70.6823,-4.2069],[-70.6904,-4.1882],[-70.7239,-4.186],[-70.7606,-4.1591],[-70.8447,-4.2185],[-70.8446,-4.2308],[-70.8261,-4.2193],[-70.8168,-4.2294],[-70.8344,-4.2541],[-70.8639,-4.2506],[-70.8463,-4.2794],[-70.8766,-4.2915],[-70.8764,-4.3216],[-70.9001,-4.3259],[-70.9154,-4.36],[-70.9335,-4.3561],[-70.938,-4.3831],[-70.969,-4.3776],[-70.9945,-4.3448],[-70.9965,-4.3858],[-71.0179,-4.38],[-71.04,-4.3992],[-71.0507,-4.3675],[-71.0784,-4.3944],[-71.0774,-4.3742],[-71.091,-4.3725],[-71.1081,-4.3787],[-71.115,-4.4081],[-71.1476,-4.3808],[-71.1498,-4.4023],[-71.1819,-4.3939],[-71.1937,-4.4231],[-71.2014,-4.3782],[-71.2154,-4.3785],[-71.2224,-4.4062],[-71.2303,-4.3831],[-71.2692,-4.3838],[-71.2796,-4.3969],[-71.2607,-4.3942],[-71.2609,-4.4251],[-71.2748,-4.4385],[-71.3191,-4.4178],[-71.3009,-4.4444],[-71.3082,-4.4623],[-71.3135,-4.4427],[-71.3403,-4.4402],[-71.3459,-4.4255],[-71.3906,-4.4272],[-71.4336,-4.476],[-71.4309,-4.4467],[-71.4123,-4.4354],[-71.4363,-4.4277],[-71.4382,-4.4491],[-71.4509,-4.4317],[-71.4777,-4.4335],[-71.4826,-4.4566],[-71.5069,-4.4373],[-71.494,-4.4852],[-71.5174,-4.4612],[-71.5373,-4.4631],[-71.5362,-4.4817],[-71.5584,-4.4776],[-71.5669,-4.5058],[-71.6028,-4.5285],[-71.6335,-4.5123],[-71.6162,-4.467],[-71.6479,-4.5027],[-71.6543,-4.4711],[-71.6579,-4.5009],[-71.7068,-4.5099],[-71.7369,-4.4956],[-71.7507,-4.4674],[-71.749,-4.4913],[-71.7676,-4.5037],[-71.7853,-4.4823],[-71.7834,-4.4966],[-71.7938,-4.4837],[-71.8065,-4.5044],[-71.8321,-4.4958],[-71.8302,-4.5144],[-71.8391,-4.5045],[-71.865,-4.5265],[-71.9055,-4.5148],[-71.8846,-4.5371],[-71.9182,-4.5289],[-71.9191,-4.5634],[-71.95,-4.5803],[-71.9465,-4.6078],[-71.9937,-4.609],[-71.9812,-4.626],[-72.0022,-4.6291],[-72.006,-4.6453],[-72.0424,-4.6229],[-72.0379,-4.6428],[-72.0682,-4.6592],[-72.0597,-4.6734],[-72.0803,-4.6687],[-72.1251,-4.7336],[-72.1404,-4.7115],[-72.1932,-4.7458],[-72.1924,-4.7629],[-72.2093,-4.7475],[-72.2435,-4.7814],[-72.2557,-4.7655],[-72.254,-4.7913],[-72.2712,-4.7984],[-72.2839,-4.7956],[-72.278,-4.771],[-72.3065,-4.7904],[-72.3105,-4.7744],[-72.3269,-4.78],[-72.3227,-4.8117],[-72.339,-4.7932],[-72.3448,-4.8067],[-72.3707,-4.8048],[-72.3588,-4.8234],[-72.3891,-4.8333],[-72.3753,-4.8376],[-72.3814,-4.872],[-72.4061,-4.8887],[-72.4219,-4.876],[-72.4157,-4.901],[-72.4338,-4.9107],[-72.4704,-4.8911],[-72.4513,-4.9157],[-72.4737,-4.9246],[-72.482,-4.9508],[-72.4877,-4.9334],[-72.4968,-4.95],[-72.5212,-4.9329],[-72.5222,-4.96],[-72.5519,-4.9556],[-72.5847,-4.998],[-72.598,-4.9839],[-72.6212,-5.0518],[-72.6288,-5.0384],[-72.6414,-5.063],[-72.642,-5.045],[-72.6574,-5.0636],[-72.6708,-5.0473],[-72.6925,-5.0609],[-72.7276,-5.052],[-72.7399,-5.0886],[-72.7564,-5.0766],[-72.768,-5.0992],[-72.7842,-5.0933],[-72.7859,-5.1134],[-72.8183,-5.1028],[-72.8154,-5.1391],[-72.8509,-5.136],[-72.8876,-5.164],[-72.88,-5.1869],[-72.869,-5.1791],[-72.8733,-5.2489],[-72.8622,-5.2475],[-72.8605,-5.2712],[-72.9042,-5.3338],[-72.8903,-5.3508],[-72.9203,-5.376],[-72.9589,-5.4661],[-72.949,-5.4799],[-72.9606,-5.522],[-72.9529,-5.5449],[-72.9386,-5.5413],[-72.9737,-5.6129],[-72.9591,-5.6569],[-72.9856,-5.6613],[-73.0005,-5.7285],[-73.0275,-5.7334],[-73.0192,-5.7405],[-73.0464,-5.7593],[-73.053,-5.7952],[-73.0798,-5.8012],[-73.0891,-5.8302],[-73.1142,-5.8332],[-73.117,-5.8643],[-73.1521,-5.868],[-73.1869,-5.9447],[-73.1868,-6.0051],[-73.209,-6.0086],[-73.2382,-6.044],[-73.2275,-6.0436],[-73.2275,-6.0767],[-73.2482,-6.108],[-73.2468,-6.1493],[-73.2163,-6.1832],[-73.2203,-6.2196],[-73.1607,-6.2767],[-73.1356,-6.3803],[-73.1047,-6.4067],[-73.1212,-6.4317],[-73.1112,-6.4536],[-73.1297,-6.4636],[-73.1344,-6.5082],[-73.1517,-6.5271],[-73.188,-6.523],[-73.1758,-6.5354],[-73.1995,-6.5467],[-73.2067,-6.5771],[-73.2191,-6.5637],[-73.238,-6.5927],[-73.2507,-6.581],[-73.297,-6.5972],[-73.3528,-6.5933],[-73.3911,-6.6419],[-73.5364,-6.6834],[-73.5618,-6.722],[-73.6383,-6.7541],[-73.6664,-6.8055],[-73.7105,-6.8402],[-73.7615,-6.9387],[-73.7439,-6.9642],[-73.7613,-6.9777],[-73.76,-7.0576],[-73.7999,-7.1171],[-73.7561,-7.1741],[-73.7425,-7.2195],[-73.7166,-7.2276],[-73.7004,-7.3225],[-73.7546,-7.3538],[-73.7616,-7.3369],[-73.789,-7.3477],[-73.8211,-7.3386],[-73.8537,-7.3543],[-73.8635,-7.3892],[-73.9039,-7.3857],[-73.9218,-7.3618],[-73.935,-7.3773],[-73.9512,-7.3575],[-73.9098,-7.473],[-73.9417,-7.5334],[-73.983,-7.5344],[-74.0365,-7.4812],[-74.0391,-7.4489],[-74.1329,-7.4008],[-74.1416,-7.3778],[-74.2537,-7.3437],[-74.284,-7.3542],[-74.3443,-7.3447],[-74.3702,-7.3173],[-74.4635,-7.2986],[-74.472,-7.2755],[-74.5001,-7.262],[-74.5355,-7.2938],[-74.5795,-7.4099],[-74.6161,-7.435],[-74.6429,-7.5001],[-74.6431,-7.5623],[-74.5762,-7.6372],[-74.5821,-7.706],[-74.5589,-7.7475],[-74.5243,-7.7571],[-74.5156,-7.7778],[-74.5697,-7.816],[-74.628,-7.9398],[-74.6684,-7.9456],[-74.7279,-7.981],[-74.779,-8.0424],[-74.8879,-8.0842],[-74.9823,-7.969],[-75.0333,-7.9501],[-75.1441,-7.9791],[-75.1494,-8.0018],[-75.1857,-8.0184],[-75.1893,-8.079],[-75.2354,-8.1505],[-75.2879,-8.1255],[-75.3235,-8.1393],[-75.3455,-8.1294],[-75.3761,-8.1388],[-75.3981,-8.1685],[-75.4392,-8.1749],[-75.4377,-8.195],[-75.5029,-8.2894],[-75.4938,-8.3287],[-75.5101,-8.3348],[-75.4827,-8.3455],[-75.4772,-8.3864],[-75.4196,-8.4515],[-75.5108,-8.432],[-75.5723,-8.4446],[-75.6181,-8.4083],[-75.6873,-8.4233],[-75.7165,-8.4869],[-75.7845,-8.4943],[-75.7992,-8.5122],[-75.7783,-8.5464],[-75.8168,-8.636],[-75.8337,-8.6522],[-75.8913,-8.6602],[-75.946,-8.7152],[-75.9798,-8.636],[-75.965,-8.58],[-75.9707,-8.5124],[-75.9545,-8.4995],[-75.9676,-8.4599],[-75.9463,-8.3991],[-75.986,-8.3237],[-75.9271,-8.3068],[-75.9129,-8.2561],[-75.9412,-8.1862],[-75.934,-8.1344],[-75.9518,-8.1013],[-75.921,-8.0731],[-75.8449,-8.0596],[-75.8295,-7.9735],[-75.8588,-7.9211],[-75.9278,-7.9573],[-75.9395,-7.9461],[-75.967,-7.9604],[-75.9935,-7.9536],[-75.9757,-7.909],[-76.006,-7.8906],[-76.0085,-7.856],[-76.0438,-7.7923],[-76.0844,-7.7626],[-76.0867,-7.7292],[-76.1016,-7.7227],[-76.1013,-7.6505],[-76.0824,-7.6319],[-76.0939,-7.6097],[-76.0797,-7.5843],[-76.0914,-7.5604],[-76.1157,-7.5625],[-76.1219,-7.526],[-76.1673,-7.493],[-76.2044,-7.4313],[-76.2154,-7.3953],[-76.1959,-7.3344],[-76.2131,-7.3101],[-76.1667,-7.2676],[-76.1435,-7.204],[-76.0599,-7.1613],[-76.0107,-7.0784],[-76.0081,-7.0022],[-76.0356,-6.9931],[-76.0518,-6.9379],[-76.0157,-6.9137],[-76.0106,-6.8904],[-76.035,-6.865],[-76.051,-6.8109],[-75.965,-6.7884],[-75.8439,-6.7973],[-75.814,-6.8255],[-75.7942,-6.8214],[-75.7805,-6.8484],[-75.7248,-6.8509],[-75.7008,-6.8691],[-75.6597,-6.8193],[-75.6427,-6.8156],[-75.6334,-6.8431],[-75.6169,-6.8412],[-75.508,-6.7804],[-75.503,-6.5522],[-75.5501,-6.3477],[-75.4903,-6.267],[-75.4878,-6.199],[-75.5268,-6.1621],[-75.5328,-6.0956],[-75.5689,-6.0004],[-75.6211,-6.0294],[-75.6365,-6.0889],[-75.68,-6.0953],[-75.7188,-6.1412],[-75.7705,-6.1477],[-75.7695,-6.1251],[-75.8071,-6.1018],[-75.8515,-6.1018],[-75.8402,-6.1413],[-75.9191,-6.1406],[-75.9585,-6.0984],[-76.0135,-6.0836],[-76.0885,-6.1076],[-76.146,-6.1467],[-76.2471,-6.1261],[-76.3183,-6.0861],[-76.3153,-6.0541],[-76.4002,-5.9536],[-76.4302,-6.0028],[-76.4809,-6.014],[-76.7503,-6.0028],[-76.7467,-5.954],[-76.8202,-5.8593],[-76.8163,-5.8076],[-76.8355,-5.7456],[-76.8928,-5.7478],[-76.9729,-5.699],[-76.9956,-5.6671],[-77.1269,-5.651],[-77.1424,-5.6254],[-77.1787,-5.6414],[-77.2022,-5.6345],[-77.2319,-5.5955],[-77.2658,-5.614],[-77.2799,-5.6011],[-77.337,-5.604],[-77.3718,-5.5671],[-77.4042,-5.5744],[-77.4106,-5.5898],[-77.4608,-5.5847],[-77.4728,-5.5548],[-77.5074,-5.5527],[-77.4923,-5.5197],[-77.5581,-5.4256],[-77.5948,-5.4642],[-77.6719,-5.4088],[-77.6976,-5.4095],[-77.6841,-5.2959],[-77.6991,-5.254],[-77.7397,-5.2119],[-77.6953,-5.1647],[-77.7743,-5.0972],[-77.8203,-5.0894],[-77.8119,-5.0547],[-77.826,-5.0351],[-77.7584,-4.9501],[-77.7602,-4.9093],[-77.7991,-4.8246],[-77.7897,-4.7445],[-77.6726,-4.6305],[-77.6526,-4.5746],[-77.6555,-4.5185],[-77.6406,-4.4965],[-77.5891,-4.4805],[-77.5683,-4.4209],[-77.5856,-4.2513],[-77.5484,-4.1054],[-77.5379,-3.9619],[-77.569,-3.8931],[-77.5615,-3.8762],[-77.6519,-3.7806],[-77.6156,-3.7077],[-77.62,-3.6224],[-77.643,-3.6193],[-77.6667,-3.5719],[-77.7165,-3.5423],[-77.7151,-3.5149],[-77.7725,-3.4288],[-77.7877,-3.0748],[-77.8173,-3.0008],[-77.8086,-2.9861],[-76.6319,-2.5897],[-76.0434,-2.1271],[-75.5827,-1.5475],[-75.5576,-1.5595],[-75.3867,-0.9297],[-75.3001,-0.9871],[-75.2744,-0.9696],[-75.1883,-0.9702],[-75.2289,-0.9415],[-75.2228,-0.8709],[-75.2498,-0.8347],[-75.2408,-0.8024],[-75.264,-0.7875],[-75.2509,-0.7625],[-75.2734,-0.7289],[-75.2483,-0.6963],[-75.2714,-0.6636],[-75.2565,-0.6435],[-75.2313,-0.6469],[-75.2231,-0.6285],[-75.2399,-0.601],[-75.2275,-0.5508],[-75.2441,-0.5469],[-75.2469,-0.5189],[-75.2676,-0.53],[-75.2697,-0.5026],[-75.3128,-0.4942],[-75.3248,-0.4531],[-75.3491,-0.4635],[-75.3878,-0.4341],[-75.4737,-0.2967],[-75.4822,-0.237],[-75.5308,-0.1809],[-75.6106,-0.1924],[-75.6105,-0.1134],[-75.5636,-0.1312],[-75.5161,-0.1145],[-75.4051,-0.1703],[-75.3682,-0.1632],[-75.364,-0.1461],[-75.3522,-0.1638],[-75.2879,-0.154],[-75.2258,-0.086],[-75.2155,-0.0487],[-75.1836,-0.0386],[-75.1,-0.081]]]]}},{"type":"Feature","properties":{"departamento":"MADRE DE DIOS","coddep":"17","nombre":"Madre de Dios"},"geometry":{"type":"MultiPolygon","coordinates":[[[[-70.6135,-10.1296],[-70.6138,-11.0002],[-70.5217,-10.9342],[-70.4517,-10.9968],[-70.4378,-11.0388],[-70.3084,-11.0706],[-70.2415,-11.0471],[-70.1583,-11.0419],[-70.0928,-10.9871],[-70.0646,-10.9939],[-69.9333,-10.9222],[-69.9207,-10.9338],[-69.9012,-10.9206],[-69.8583,-10.9343],[-69.7695,-10.9299],[-69.7376,-10.975],[-69.577,-10.9412],[-69.1034,-11.6813],[-68.6523,-12.5027],[-68.6555,-12.5346],[-68.6814,-12.5254],[-68.6745,-12.553],[-68.6915,-12.5573],[-68.6939,-12.5866],[-68.7014,-12.5791],[-68.7406,-12.6328],[-68.7338,-12.6674],[-68.7195,-12.6612],[-68.7283,-12.6713],[-68.7119,-12.6801],[-68.7424,-12.708],[-68.7279,-12.7134],[-68.804,-12.7566],[-68.818,-12.7908],[-68.8076,-12.8086],[-68.8244,-12.8048],[-68.8394,-12.8239],[-68.8348,-12.8578],[-68.8705,-12.8701],[-68.8749,-12.9192],[-68.8613,-12.9266],[-68.8766,-12.9287],[-68.8602,-12.9478],[-68.8792,-12.9418],[-68.876,-12.978],[-68.8623,-12.9813],[-68.8768,-12.9872],[-68.8719,-13.0039],[-69.6499,-13.3417],[-70.4029,-13.1144],[-70.4177,-13.1331],[-70.3897,-13.1315],[-70.4012,-13.1532],[-70.3856,-13.167],[-70.3885,-13.1924],[-70.4642,-13.1597],[-70.5494,-13.1532],[-70.5995,-13.0991],[-70.6603,-13.0883],[-70.6852,-13.1068],[-70.7629,-13.1077],[-70.8295,-13.067],[-70.8631,-13.0803],[-70.8993,-13.0697],[-70.8873,-13.1034],[-70.9214,-13.1108],[-70.9422,-13.1565],[-70.9772,-13.1697],[-71.0104,-13.2623],[-71.032,-13.271],[-71.1315,-13.22],[-71.1738,-13.055],[-71.1665,-13.0177],[-71.1794,-12.9983],[-71.1621,-12.9668],[-71.271,-12.9625],[-71.359,-12.8808],[-71.3751,-12.9005],[-71.3968,-12.8826],[-71.4164,-12.8941],[-71.4489,-12.8633],[-71.4465,-12.8272],[-71.5131,-12.7444],[-71.5466,-12.7354],[-71.5527,-12.7087],[-71.639,-12.7094],[-71.695,-12.7388],[-71.7081,-12.7729],[-71.7476,-12.7962],[-71.7647,-12.7675],[-71.7995,-12.7656],[-71.8122,-12.7439],[-71.9004,-12.7334],[-71.9178,-12.6989],[-71.9786,-12.6833],[-71.9561,-12.6545],[-71.9653,-12.6145],[-71.9842,-12.6082],[-71.9814,-12.5805],[-72.0288,-12.5264],[-72.079,-12.4986],[-72.0606,-12.4384],[-71.9766,-12.3995],[-71.9672,-12.3476],[-71.9459,-12.3302],[-72.0289,-12.2872],[-72.0434,-12.2549],[-72.1056,-12.2388],[-72.0876,-12.1427],[-72.0944,-12.0852],[-72.1737,-12.0598],[-72.2689,-12.0544],[-72.2592,-12.0057],[-72.2815,-11.9958],[-72.2862,-11.9753],[-72.3405,-11.9658],[-72.3475,-11.8913],[-72.3318,-11.8561],[-72.3908,-11.8276],[-72.3708,-11.785],[-72.4233,-11.7378],[-72.4287,-11.709],[-72.3756,-11.6332],[-72.3556,-11.635],[-72.3079,-11.5875],[-72.2926,-11.4333],[-72.2479,-11.385],[-72.2393,-11.3451],[-72.2046,-11.3474],[-72.2189,-11.2969],[-72.1865,-11.1849],[-72.2068,-11.1723],[-72.1205,-11.1195],[-72.1482,-11.0878],[-72.1833,-11.0926],[-72.1931,-11.0497],[-72.1744,-11.0324],[-72.1853,-11.0088],[-72.1279,-10.9798],[-72.125,-10.9956],[-72.0544,-11.0111],[-72.0108,-10.9877],[-71.9384,-11.0039],[-71.847,-10.9957],[-71.8285,-11.0119],[-71.7802,-10.9878],[-71.7293,-10.9837],[-71.716,-10.9979],[-71.7017,-10.9738],[-71.6617,-10.9832],[-71.532,-10.9521],[-71.5081,-10.9661],[-71.3552,-10.9506],[-71.3083,-10.8778],[-71.2727,-10.8528],[-71.2587,-10.7849],[-71.2216,-10.7767],[-71.2155,-10.7149],[-71.2313,-10.6852],[-71.2063,-10.6522],[-71.2208,-10.6367],[-71.1962,-10.5799],[-71.1653,-10.5696],[-71.1646,-10.5313],[-71.1468,-10.531],[-71.1285,-10.5047],[-71.0245,-10.4782],[-71.005,-10.4308],[-70.9584,-10.3896],[-70.968,-10.3356],[-70.8895,-10.3351],[-70.874,-10.3007],[-70.8808,-10.262],[-70.8032,-10.2512],[-70.7064,-10.1614],[-70.6982,-10.118],[-70.6499,-10.0795],[-70.6521,-10.0401],[-70.6723,-10.0231],[-70.6395,-9.8844],[-70.6138,-9.8734],[-70.6135,-10.1296]]]]}},{"type":"Feature","properties":{"departamento":"MOQUEGUA","coddep":"18","nombre":"Moquegua"},"geometry":{"type":"MultiPolygon","coordinates":[[[[-70.7939,-15.9872],[-70.776,-16.0134],[-70.7221,-16.0342],[-70.6408,-15.9876],[-70.6248,-16.003],[-70.5629,-15.9825],[-70.5073,-16.0381],[-70.4658,-16.0504],[-70.4411,-16.0358],[-70.4032,-16.0872],[-70.4019,-16.149],[-70.3623,-16.2065],[-70.3346,-16.2016],[-70.324,-16.2179],[-70.3451,-16.2561],[-70.3456,-16.3481],[-70.3823,-16.3859],[-70.3566,-16.4003],[-70.3609,-16.4108],[-70.3251,-16.4175],[-70.3012,-16.4787],[-70.1848,-16.5376],[-70.1657,-16.6133],[-70.0878,-16.6552],[-70.0486,-16.6277],[-70.0132,-16.6403],[-69.9953,-16.7286],[-70.0355,-16.7429],[-70.0578,-16.7878],[-70.0903,-16.8109],[-70.0943,-16.8909],[-70.1163,-16.9222],[-70.1466,-16.9387],[-70.1484,-16.9219],[-70.1737,-16.9122],[-70.227,-16.9594],[-70.2525,-16.9447],[-70.2591,-16.902],[-70.2412,-16.8569],[-70.1841,-16.8347],[-70.1826,-16.8165],[-70.2473,-16.8025],[-70.2666,-16.7708],[-70.3113,-16.7733],[-70.4407,-16.84],[-70.4416,-16.8924],[-70.465,-16.9444],[-70.4432,-16.9643],[-70.4632,-17.0044],[-70.4392,-17.0504],[-70.4487,-17.0807],[-70.4913,-17.0902],[-70.5551,-17.1977],[-70.6841,-17.2243],[-70.7159,-17.2737],[-70.7057,-17.2912],[-70.7467,-17.3514],[-70.7524,-17.3806],[-70.7367,-17.4083],[-70.88,-17.5557],[-70.9125,-17.6874],[-70.993,-17.6791],[-71.0171,-17.7092],[-71.0822,-17.7167],[-71.142,-17.8214],[-71.1849,-17.7812],[-71.3492,-17.6934],[-71.3814,-17.7072],[-71.3415,-17.6369],[-71.3655,-17.5454],[-71.363,-17.4888],[-71.3944,-17.3894],[-71.4328,-17.3666],[-71.4447,-17.3322],[-71.4769,-17.3228],[-71.4725,-17.2972],[-71.4908,-17.285],[-71.4655,-17.2545],[-71.4235,-17.2366],[-71.3022,-17.0939],[-71.3394,-17.0218],[-71.3858,-17.0205],[-71.4046,-16.9568],[-71.464,-16.9565],[-71.4598,-16.9374],[-71.4241,-16.9193],[-71.4437,-16.8047],[-71.4229,-16.7379],[-71.3644,-16.7203],[-71.3272,-16.7524],[-71.2891,-16.7265],[-71.2792,-16.6158],[-71.2604,-16.6052],[-71.2375,-16.5146],[-71.2421,-16.4631],[-71.1395,-16.475],[-71.1247,-16.4611],[-71.0472,-16.4544],[-71.0373,-16.4857],[-71.0126,-16.4986],[-70.9561,-16.4725],[-70.9863,-16.3099],[-70.9436,-16.3144],[-70.9158,-16.2824],[-70.8808,-16.2845],[-70.8445,-16.2359],[-70.867,-16.2246],[-70.8539,-16.1967],[-70.8786,-16.1666],[-70.8671,-16.1285],[-70.8957,-16.1063],[-70.8567,-16.0563],[-70.8045,-16.0551],[-70.8291,-15.9955],[-70.8202,-15.9785],[-70.7939,-15.9872]]]]}},{"type":"Feature","properties":{"departamento":"PASCO","coddep":"19","nombre":"Pasco"},"geometry":{"type":"MultiPolygon","coordinates":[[[[-74.68,-9.4473],[-74.5811,-9.4766],[-74.5935,-9.5074],[-74.5748,-9.5727],[-74.4938,-9.5922],[-74.4901,-9.6852],[-74.4472,-9.7771],[-74.4533,-9.8636],[-74.411,-9.9147],[-74.4188,-10.0257],[-74.3899,-10.0513],[-74.367,-10.1129],[-74.315,-10.1132],[-74.3029,-10.1648],[-74.2306,-10.1863],[-74.2272,-10.2773],[-74.2522,-10.3051],[-74.2369,-10.3216],[-74.2627,-10.3637],[-74.242,-10.3832],[-74.2529,-10.4171],[-74.1787,-10.4886],[-74.1327,-10.6049],[-74.1355,-10.6715],[-74.1599,-10.6406],[-74.2297,-10.6346],[-74.2276,-10.6518],[-74.2528,-10.6595],[-74.2589,-10.6804],[-74.2869,-10.6704],[-74.3503,-10.7547],[-74.3839,-10.7475],[-74.3744,-10.7886],[-74.3868,-10.8131],[-74.4311,-10.813],[-74.4827,-10.8354],[-74.4871,-10.889],[-74.548,-10.891],[-74.5711,-10.9158],[-74.6141,-10.9046],[-74.6426,-10.868],[-74.6908,-10.8868],[-74.7332,-10.8339],[-74.7948,-10.8299],[-74.8786,-10.7005],[-74.8875,-10.7107],[-74.8659,-10.759],[-74.8852,-10.7706],[-74.9565,-10.7328],[-74.9828,-10.7498],[-75.0065,-10.7188],[-75.0117,-10.6795],[-75.0356,-10.6823],[-75.0651,-10.6529],[-75.1096,-10.724],[-75.1571,-10.762],[-75.1766,-10.7499],[-75.1899,-10.7804],[-75.2042,-10.7647],[-75.2439,-10.7639],[-75.248,-10.8031],[-75.2845,-10.8417],[-75.3479,-10.8003],[-75.3627,-10.8501],[-75.3857,-10.8649],[-75.3963,-10.8532],[-75.4107,-10.8617],[-75.3908,-10.8323],[-75.3948,-10.7591],[-75.4608,-10.7498],[-75.4779,-10.781],[-75.4902,-10.7568],[-75.5569,-10.7441],[-75.5678,-10.7271],[-75.5841,-10.8016],[-75.6066,-10.8231],[-75.6785,-10.8402],[-75.6933,-10.8172],[-75.7328,-10.8093],[-75.7586,-10.8301],[-75.7891,-10.8253],[-75.837,-10.886],[-75.8761,-10.8675],[-75.9359,-10.8897],[-75.9371,-10.8715],[-75.9948,-10.821],[-76.0455,-10.8807],[-76.0821,-10.8951],[-76.1229,-10.9626],[-76.1462,-10.9458],[-76.1909,-10.9603],[-76.2098,-10.919],[-76.2817,-10.9139],[-76.2597,-11.0274],[-76.2396,-11.0492],[-76.2501,-11.1052],[-76.2146,-11.1503],[-76.2272,-11.1558],[-76.3079,-11.1327],[-76.3181,-11.0916],[-76.3355,-11.0825],[-76.351,-11.0942],[-76.3895,-11.071],[-76.4468,-11.0712],[-76.4935,-11.0886],[-76.533,-11.0341],[-76.5789,-11.0148],[-76.5816,-10.985],[-76.565,-10.9639],[-76.5839,-10.8536],[-76.6335,-10.7845],[-76.6278,-10.766],[-76.671,-10.6778],[-76.6557,-10.6468],[-76.6859,-10.5815],[-76.7037,-10.5886],[-76.7302,-10.5084],[-76.7292,-10.4791],[-76.6968,-10.4425],[-76.5934,-10.4015],[-76.5781,-10.3755],[-76.5582,-10.3934],[-76.4909,-10.3789],[-76.4728,-10.3378],[-76.494,-10.3105],[-76.4249,-10.3192],[-76.3872,-10.2893],[-76.3645,-10.2995],[-76.3421,-10.2858],[-76.3258,-10.3055],[-76.3055,-10.4125],[-76.2853,-10.4164],[-76.2695,-10.369],[-76.2263,-10.3969],[-76.2309,-10.3718],[-76.2054,-10.3766],[-76.2072,-10.3887],[-76.1667,-10.4136],[-76.1426,-10.4086],[-76.1296,-10.4308],[-76.0783,-10.4342],[-76.0576,-10.4652],[-76.0122,-10.4546],[-76.0031,-10.4888],[-75.9767,-10.4799],[-75.925,-10.4066],[-75.9249,-10.3567],[-75.8564,-10.3017],[-75.8397,-10.2574],[-75.8127,-10.2441],[-75.7848,-10.2522],[-75.7094,-10.2151],[-75.6765,-10.0543],[-75.6452,-10.0269],[-75.6021,-10.0248],[-75.5964,-9.9537],[-75.5604,-9.9641],[-75.5484,-9.9844],[-75.4678,-9.9891],[-75.4496,-9.9416],[-75.4048,-9.9302],[-75.3955,-9.9128],[-75.4112,-9.8884],[-75.3996,-9.8785],[-75.2824,-9.8647],[-75.2792,-9.8382],[-75.3106,-9.7747],[-75.2547,-9.779],[-75.1601,-9.84],[-75.0945,-9.8445],[-75.0578,-9.8189],[-74.9936,-9.8398],[-74.9856,-9.8641],[-74.8824,-9.8197],[-74.835,-9.8471],[-74.8362,-9.82],[-74.8156,-9.7954],[-74.8471,-9.7805],[-74.8438,-9.7491],[-74.8168,-9.7364],[-74.8219,-9.6772],[-74.7875,-9.6658],[-74.7648,-9.6357],[-74.7725,-9.6124],[-74.7356,-9.5744],[-74.7505,-9.5246],[-74.7288,-9.4724],[-74.68,-9.4473]]]]}},{"type":"Feature","properties":{"departamento":"PIURA","coddep":"20","nombre":"Piura"},"geometry":{"type":"MultiPolygon","coordinates":[[[[-81.0262,-4.1059],[-80.9713,-4.1271],[-80.9671,-4.1728],[-80.9237,-4.1695],[-80.8828,-4.1928],[-80.7351,-4.178],[-80.6227,-4.2319],[-80.5898,-4.2141],[-80.5228,-4.1049],[-80.4873,-4.0831],[-80.467,-4.1279],[-80.447,-4.1211],[-80.4493,-4.2093],[-80.4311,-4.1961],[-80.4093,-4.2185],[-80.3678,-4.1974],[-80.3527,-4.2207],[-80.31,-4.2038],[-80.4533,-4.3834],[-80.4491,-4.4476],[-80.3903,-4.486],[-80.292,-4.4372],[-80.2771,-4.4041],[-80.2621,-4.4104],[-80.2318,-4.3728],[-80.2205,-4.3781],[-80.2183,-4.3535],[-80.1964,-4.3506],[-80.2055,-4.3387],[-80.1869,-4.3351],[-80.1792,-4.2975],[-80.1648,-4.2899],[-80.1554,-4.3043],[-80.1363,-4.2852],[-80.135,-4.2963],[-80.1042,-4.291],[-80.0615,-4.3102],[-80.0345,-4.3487],[-79.963,-4.3945],[-79.9193,-4.3854],[-79.8706,-4.4133],[-79.813,-4.4911],[-79.7064,-4.4716],[-79.6446,-4.4338],[-79.6003,-4.4565],[-79.5808,-4.4992],[-79.543,-4.5271],[-79.5123,-4.5175],[-79.4901,-4.528],[-79.4766,-4.57],[-79.4942,-4.5818],[-79.4887,-4.6253],[-79.4641,-4.6521],[-79.4574,-4.7025],[-79.3935,-4.8362],[-79.3681,-4.8353],[-79.3524,-4.8803],[-79.307,-4.8984],[-79.2658,-4.9674],[-79.21,-4.9659],[-79.2262,-5.0479],[-79.273,-5.0585],[-79.296,-5.112],[-79.3304,-5.1244],[-79.3419,-5.164],[-79.3784,-5.19],[-79.3482,-5.2337],[-79.359,-5.2886],[-79.3281,-5.3159],[-79.3261,-5.348],[-79.3079,-5.3653],[-79.276,-5.5197],[-79.3306,-5.5355],[-79.3873,-5.5224],[-79.3995,-5.5385],[-79.3711,-5.6026],[-79.3993,-5.7025],[-79.3992,-5.7712],[-79.3354,-5.894],[-79.4237,-5.9273],[-79.4839,-5.8881],[-79.5538,-5.9383],[-79.6125,-5.9408],[-79.6627,-5.8347],[-79.689,-5.848],[-79.736,-5.8301],[-79.7169,-5.74],[-79.7664,-5.7083],[-79.7525,-5.6913],[-79.7678,-5.6853],[-79.7664,-5.6617],[-79.8335,-5.6452],[-79.8644,-5.5634],[-79.854,-5.5307],[-79.8984,-5.4804],[-79.9387,-5.5167],[-80.0507,-5.5406],[-80.07,-5.6462],[-80.0611,-5.6844],[-80.0952,-5.7026],[-80.1029,-5.7615],[-80.0924,-5.7951],[-80.0578,-5.8188],[-80.1201,-5.8722],[-80.1238,-5.8913],[-80.171,-5.8799],[-80.2874,-5.9207],[-80.3495,-5.978],[-80.328,-6.0058],[-80.3882,-5.9961],[-80.4245,-6.0277],[-80.6271,-6.3721],[-80.7838,-6.299],[-80.8945,-6.2033],[-81.1066,-6.0682],[-81.1495,-5.9794],[-81.1494,-5.8896],[-81.1237,-5.8434],[-81.1001,-5.8411],[-81.0707,-5.7858],[-81.0042,-5.8359],[-80.9446,-5.8459],[-80.9108,-5.8292],[-80.8598,-5.7455],[-80.8522,-5.6373],[-80.8976,-5.5115],[-80.9385,-5.4465],[-81.053,-5.331],[-81.0852,-5.31],[-81.1078,-5.3152],[-81.1381,-5.2636],[-81.1928,-5.217],[-81.1674,-5.1671],[-81.1796,-5.1329],[-81.1605,-5.1234],[-81.1682,-5.0815],[-81.1324,-5.0697],[-81.0884,-5.0806],[-81.062,-5.0493],[-81.0624,-5.0206],[-81.0865,-4.9671],[-81.3281,-4.671],[-81.3089,-4.6605],[-81.2744,-4.5711],[-81.305,-4.4798],[-81.2528,-4.3956],[-81.253,-4.2742],[-81.0419,-4.0829],[-81.0262,-4.1059]]]]}},{"type":"Feature","properties":{"departamento":"PUNO","coddep":"21","nombre":"Puno"},"geometry":{"type":"MultiPolygon","coordinates":[[[[-68.8142,-16.348],[-68.9184,-16.4037],[-68.9184,-16.2333],[-68.8142,-16.3198],[-68.8142,-16.348]]],[[[-68.9387,-16.2338],[-68.9449,-16.2448],[-68.9533,-16.2265],[-68.9387,-16.2338]]],[[[-69.6943,-15.8924],[-69.6667,-15.9151],[-69.7108,-15.9163],[-69.6943,-15.8924]]],[[[-69.6843,-15.7518],[-69.6824,-15.7981],[-69.6962,-15.7542],[-69.6843,-15.7518]]],[[[-69.7065,-15.6493],[-69.6928,-15.6628],[-69.7172,-15.6804],[-69.7273,-15.663],[-69.7065,-15.6493]]],[[[-68.8676,-13.0107],[-68.8532,-13.0159],[-68.8668,-13.0309],[-68.8501,-13.048],[-68.863,-13.0474],[-68.8592,-13.1133],[-68.8731,-13.1131],[-68.878,-13.1362],[-68.8581,-13.1505],[-68.8709,-13.168],[-68.8568,-13.17],[-68.8611,-13.1835],[-68.8721,-13.1814],[-68.8453,-13.2467],[-68.8595,-13.256],[-68.849,-13.2696],[-68.8619,-13.2713],[-68.8594,-13.3123],[-68.8788,-13.3294],[-68.8688,-13.3592],[-68.8917,-13.3832],[-68.8895,-13.4354],[-68.8988,-13.4467],[-68.906,-13.4371],[-68.8961,-13.4613],[-68.906,-13.4567],[-68.9168,-13.4843],[-68.9193,-13.5253],[-68.9408,-13.5223],[-68.9525,-13.6044],[-69.005,-13.6241],[-68.9902,-13.6349],[-68.9958,-13.6524],[-69.0468,-13.645],[-69.0672,-13.6868],[-69.0259,-13.7393],[-68.9745,-13.7606],[-68.9942,-13.7875],[-68.9172,-13.8142],[-68.951,-13.8787],[-68.9825,-13.8947],[-68.9828,-13.9301],[-68.9633,-13.9487],[-68.9789,-13.9765],[-68.9363,-14.0263],[-68.8903,-14.0466],[-68.8711,-14.1111],[-68.8333,-14.1449],[-68.8562,-14.1627],[-68.8268,-14.2156],[-68.9624,-14.2201],[-68.985,-14.2371],[-68.9792,-14.2656],[-69.0152,-14.3147],[-68.9854,-14.3747],[-69.0284,-14.4248],[-69.0819,-14.4444],[-69.1183,-14.5079],[-69.154,-14.5216],[-69.15,-14.5803],[-69.2214,-14.5818],[-69.2279,-14.6542],[-69.2584,-14.684],[-69.2249,-14.739],[-69.2399,-14.7595],[-69.3012,-14.7653],[-69.3538,-14.8017],[-69.3439,-14.8827],[-69.3646,-14.931],[-69.3606,-14.9611],[-69.3232,-15.0046],[-69.2773,-15.1099],[-69.2435,-15.1122],[-69.1908,-15.1586],[-69.1197,-15.2593],[-69.1763,-15.2614],[-69.1948,-15.315],[-69.2156,-15.3172],[-69.2603,-15.374],[-69.2498,-15.4267],[-69.2323,-15.4418],[-69.2408,-15.4604],[-69.2535,-15.4692],[-69.2901,-15.4369],[-69.3315,-15.538],[-69.3911,-15.5073],[-69.3771,-15.482],[-69.3631,-15.5141],[-69.35,-15.5108],[-69.3761,-15.4715],[-69.4331,-15.4783],[-69.415,-15.498],[-69.4321,-15.5056],[-69.4403,-15.4626],[-69.5317,-15.3868],[-69.5221,-15.37],[-69.5532,-15.376],[-69.5666,-15.3476],[-69.5891,-15.373],[-69.6223,-15.3444],[-69.6343,-15.3532],[-69.6301,-15.3307],[-69.6539,-15.2979],[-69.6334,-15.313],[-69.6419,-15.2826],[-69.6683,-15.2748],[-69.6551,-15.2692],[-69.6774,-15.243],[-69.6893,-15.2547],[-69.6867,-15.2379],[-69.7092,-15.233],[-69.7593,-15.2574],[-69.7345,-15.2709],[-69.7406,-15.2792],[-69.7145,-15.2779],[-69.6992,-15.3099],[-69.7509,-15.2832],[-69.7517,-15.3027],[-69.7812,-15.3199],[-69.815,-15.2741],[-69.8306,-15.2821],[-69.8184,-15.3068],[-69.8368,-15.2789],[-69.8561,-15.3027],[-69.8949,-15.2951],[-69.8756,-15.3091],[-69.9027,-15.3031],[-69.8954,-15.3246],[-69.8569,-15.3474],[-69.8927,-15.341],[-69.8717,-15.3669],[-69.8442,-15.353],[-69.8449,-15.3303],[-69.8394,-15.3496],[-69.7911,-15.3519],[-69.8605,-15.3616],[-69.8739,-15.3772],[-69.8761,-15.3599],[-69.9048,-15.3557],[-69.9255,-15.3843],[-69.9329,-15.3611],[-69.9376,-15.4153],[-69.8604,-15.5576],[-69.8107,-15.6077],[-69.8046,-15.654],[-69.7707,-15.6584],[-69.7652,-15.6845],[-69.803,-15.6748],[-69.7438,-15.7228],[-69.7901,-15.7261],[-69.8207,-15.7076],[-69.8505,-15.6757],[-69.8549,-15.625],[-69.9064,-15.5652],[-69.9427,-15.5565],[-69.9151,-15.5688],[-69.9332,-15.5889],[-69.9176,-15.5914],[-69.9311,-15.6178],[-69.9183,-15.6126],[-69.9163,-15.6284],[-69.9482,-15.675],[-69.9674,-15.6654],[-69.9551,-15.6874],[-69.9649,-15.7015],[-70.0116,-15.6867],[-70.0342,-15.7226],[-70.0239,-15.7422],[-70.0352,-15.7687],[-69.9887,-15.8191],[-70.0183,-15.8297],[-70.0151,-15.8507],[-69.995,-15.864],[-69.9637,-15.8506],[-69.8918,-15.8822],[-69.8604,-15.9316],[-69.8454,-15.9332],[-69.8462,-15.9095],[-69.836,-15.9234],[-69.8337,-15.9102],[-69.7841,-15.9281],[-69.7776,-15.9167],[-69.8083,-15.8691],[-69.8173,-15.882],[-69.8266,-15.8596],[-69.8494,-15.8614],[-69.8428,-15.8082],[-69.8056,-15.7834],[-69.7659,-15.8331],[-69.7795,-15.856],[-69.7632,-15.9084],[-69.7406,-15.9192],[-69.7358,-15.9015],[-69.7008,-15.9202],[-69.6644,-15.9696],[-69.5983,-15.9902],[-69.5371,-15.9761],[-69.4945,-16.0157],[-69.4845,-16.0039],[-69.4622,-16.0163],[-69.5574,-15.9625],[-69.672,-15.96],[-69.6857,-15.9131],[-69.6717,-15.9566],[-69.5627,-15.9595],[-69.4517,-15.9936],[-69.4232,-16.047],[-69.4255,-16.0775],[-69.4529,-16.1143],[-69.4318,-16.0804],[-69.4346,-16.0532],[-69.4553,-16.0457],[-69.439,-16.0542],[-69.4556,-16.0607],[-69.4695,-16.1126],[-69.5055,-16.1437],[-69.4919,-16.1603],[-69.505,-16.1749],[-69.5166,-16.1607],[-69.4943,-16.2081],[-69.4339,-16.1805],[-69.404,-16.1904],[-69.389,-16.1801],[-69.3994,-16.2069],[-69.3756,-16.2356],[-69.3552,-16.2511],[-69.2947,-16.2541],[-69.2821,-16.2869],[-69.2575,-16.3001],[-69.2348,-16.2619],[-69.0973,-16.2438],[-69.1025,-16.2241],[-69.0553,-16.1974],[-69.0128,-16.2198],[-68.9843,-16.1901],[-68.9566,-16.1966],[-68.9587,-16.2268],[-68.9959,-16.2737],[-69.0065,-16.2714],[-68.9905,-16.2363],[-69.0314,-16.2747],[-69.0551,-16.2491],[-69.0767,-16.2595],[-69.0781,-16.2759],[-69.05,-16.2831],[-69.022,-16.3319],[-69.0231,-16.4039],[-69.0985,-16.4907],[-69.0368,-16.5599],[-69.0313,-16.6058],[-68.9961,-16.6566],[-69.0435,-16.6878],[-69.17,-16.7275],[-69.1862,-16.7976],[-69.3047,-16.9158],[-69.3354,-16.9803],[-69.369,-16.9904],[-69.3936,-17.0206],[-69.3737,-17.0731],[-69.4063,-17.1003],[-69.4329,-17.1099],[-69.4491,-17.0978],[-69.5118,-17.1462],[-69.5569,-17.1593],[-69.6413,-17.2874],[-69.6554,-17.2707],[-69.7311,-17.2955],[-69.7618,-17.2804],[-69.7882,-17.2364],[-69.8508,-17.2441],[-69.9428,-17.1978],[-70.0251,-17.1222],[-70.0403,-17.1277],[-70.0423,-17.0587],[-70.1456,-16.9427],[-70.0943,-16.8909],[-70.0903,-16.8109],[-70.0578,-16.7878],[-70.0355,-16.7429],[-69.9956,-16.7298],[-70.0118,-16.6885],[-70.0015,-16.6566],[-70.0486,-16.6277],[-70.0878,-16.6552],[-70.1657,-16.6133],[-70.1848,-16.5376],[-70.3012,-16.4787],[-70.3251,-16.4175],[-70.3609,-16.4108],[-70.3566,-16.4003],[-70.3823,-16.3859],[-70.3456,-16.3481],[-70.3451,-16.2561],[-70.324,-16.2179],[-70.3346,-16.2016],[-70.3623,-16.2065],[-70.4019,-16.149],[-70.4032,-16.0872],[-70.4343,-16.0619],[-70.4401,-16.0368],[-70.4658,-16.0504],[-70.5073,-16.0381],[-70.5629,-15.9825],[-70.6248,-16.003],[-70.6408,-15.9876],[-70.7244,-16.0337],[-70.7412,-16.0162],[-70.776,-16.0134],[-70.8,-15.976],[-70.8075,-15.988],[-70.8413,-15.9718],[-70.8322,-15.9491],[-70.8433,-15.9233],[-70.8658,-15.8894],[-70.8938,-15.8869],[-70.8901,-15.8519],[-70.9423,-15.7749],[-70.8999,-15.7176],[-70.918,-15.6438],[-71.0065,-15.5655],[-71.0184,-15.5],[-70.9929,-15.4589],[-71.039,-15.4052],[-71.0061,-15.3352],[-70.9851,-15.3167],[-70.9591,-15.3191],[-70.9502,-15.302],[-70.9853,-15.249],[-70.9625,-15.2156],[-71.0042,-14.9987],[-70.9847,-14.9461],[-70.9966,-14.8439],[-70.9783,-14.8242],[-70.9751,-14.765],[-71.0131,-14.7397],[-71.0278,-14.7601],[-71.0532,-14.7543],[-71.1181,-14.6479],[-71.031,-14.5933],[-71.0101,-14.5975],[-71.0147,-14.578],[-70.9777,-14.583],[-70.9661,-14.5683],[-70.9993,-14.5026],[-70.9866,-14.4987],[-70.988,-14.4553],[-70.9624,-14.4445],[-70.986,-14.3798],[-70.9122,-14.3415],[-70.9135,-14.3033],[-70.8799,-14.2704],[-70.8998,-14.233],[-70.8866,-14.1723],[-70.8211,-14.1411],[-70.79,-14.081],[-70.8179,-14.0676],[-70.8295,-14.0763],[-70.8604,-14.0308],[-70.8404,-14.0082],[-70.8526,-13.9982],[-70.8463,-13.9635],[-70.8097,-13.9123],[-70.8309,-13.8951],[-70.8324,-13.8569],[-70.8751,-13.839],[-70.8793,-13.8157],[-70.8539,-13.7986],[-70.8284,-13.8276],[-70.7677,-13.8144],[-70.7092,-13.8431],[-70.6989,-13.8032],[-70.7354,-13.7353],[-70.7151,-13.6623],[-70.6628,-13.6606],[-70.6162,-13.6091],[-70.5436,-13.5776],[-70.5389,-13.5313],[-70.4888,-13.5004],[-70.4526,-13.4479],[-70.4718,-13.4399],[-70.4426,-13.3954],[-70.4511,-13.3652],[-70.4198,-13.3586],[-70.3995,-13.3716],[-70.3956,-13.3167],[-70.3458,-13.3127],[-70.3708,-13.2764],[-70.423,-13.2547],[-70.3906,-13.2321],[-70.3845,-13.2047],[-70.3856,-13.167],[-70.4012,-13.1532],[-70.3897,-13.1315],[-70.4177,-13.1331],[-70.4029,-13.1144],[-69.6499,-13.3417],[-68.8676,-13.0107]],[[-69.99,-15.1104],[-69.9903,-15.1685],[-70.0163,-15.1447],[-70.0262,-15.158],[-70.045,-15.1107],[-70.0927,-15.1462],[-70.1171,-15.1471],[-70.1162,-15.1679],[-69.9494,-15.2206],[-69.9656,-15.1943],[-69.9491,-15.2098],[-69.946,-15.1927],[-69.9321,-15.2225],[-69.9266,-15.2097],[-69.9027,-15.2181],[-69.8877,-15.2069],[-69.9107,-15.1959],[-69.9309,-15.1492],[-69.9496,-15.1518],[-69.9555,-15.1748],[-69.99,-15.1104]],[[-70.201,-15.7063],[-70.2018,-15.7715],[-70.1421,-15.7493],[-70.1637,-15.7193],[-70.1502,-15.7123],[-70.1874,-15.7264],[-70.201,-15.7063]]]]}},{"type":"Feature","properties":{"departamento":"SAN MARTIN","coddep":"22","nombre":"San Martín"},"geometry":{"type":"MultiPolygon","coordinates":[[[[-77.7168,-5.416],[-77.6719,-5.4088],[-77.5948,-5.4642],[-77.5581,-5.4256],[-77.4923,-5.5197],[-77.5074,-5.5527],[-77.4728,-5.5548],[-77.4608,-5.5847],[-77.4106,-5.5898],[-77.4042,-5.5744],[-77.3718,-5.5671],[-77.337,-5.604],[-77.2799,-5.6011],[-77.2658,-5.614],[-77.2319,-5.5955],[-77.2022,-5.6345],[-77.1787,-5.6414],[-77.1424,-5.6254],[-77.1269,-5.651],[-76.9956,-5.6671],[-76.9729,-5.699],[-76.8928,-5.7478],[-76.8355,-5.7456],[-76.8163,-5.8076],[-76.8202,-5.8593],[-76.7467,-5.954],[-76.753,-6.001],[-76.7162,-6.0133],[-76.4411,-6.007],[-76.4002,-5.9536],[-76.3153,-6.0541],[-76.3183,-6.0861],[-76.2471,-6.1261],[-76.146,-6.1467],[-76.0885,-6.1076],[-76.0135,-6.0836],[-75.9585,-6.0984],[-75.9191,-6.1406],[-75.8402,-6.1413],[-75.8515,-6.1018],[-75.8071,-6.1018],[-75.7695,-6.1251],[-75.7705,-6.1477],[-75.7188,-6.1412],[-75.68,-6.0953],[-75.6365,-6.0889],[-75.6211,-6.0294],[-75.5689,-6.0004],[-75.5328,-6.0956],[-75.5268,-6.1621],[-75.4872,-6.2034],[-75.4963,-6.281],[-75.5501,-6.3477],[-75.539,-6.4351],[-75.5096,-6.4921],[-75.5023,-6.7696],[-75.6103,-6.8391],[-75.6328,-6.8434],[-75.6424,-6.8158],[-75.6597,-6.8193],[-75.7008,-6.8691],[-75.7248,-6.8509],[-75.7805,-6.8484],[-75.7942,-6.8214],[-75.814,-6.8255],[-75.8439,-6.7973],[-75.965,-6.7884],[-76.051,-6.8109],[-76.035,-6.865],[-76.0106,-6.8904],[-76.0157,-6.9137],[-76.0518,-6.9379],[-76.0356,-6.9931],[-76.0081,-7.0022],[-76.0107,-7.0784],[-76.0599,-7.1613],[-76.1435,-7.204],[-76.1667,-7.2676],[-76.2131,-7.3101],[-76.1959,-7.3344],[-76.2154,-7.3953],[-76.2044,-7.4313],[-76.1673,-7.493],[-76.1219,-7.526],[-76.1157,-7.5625],[-76.0914,-7.5604],[-76.0797,-7.5843],[-76.0939,-7.6097],[-76.0824,-7.6319],[-76.1013,-7.6505],[-76.1016,-7.7227],[-76.0867,-7.7292],[-76.0844,-7.7626],[-76.0438,-7.7923],[-76.0085,-7.856],[-76.006,-7.8906],[-75.9757,-7.909],[-75.9935,-7.9536],[-75.967,-7.9604],[-75.9395,-7.9461],[-75.9278,-7.9573],[-75.8588,-7.9211],[-75.8295,-7.9735],[-75.8449,-8.0596],[-75.921,-8.0731],[-75.9518,-8.1013],[-75.934,-8.1344],[-75.9412,-8.1862],[-75.9129,-8.2561],[-75.9208,-8.2997],[-75.9843,-8.3222],[-76.0044,-8.3056],[-76.0426,-8.3416],[-76.0563,-8.3293],[-76.107,-8.3318],[-76.1275,-8.3575],[-76.1078,-8.399],[-76.1307,-8.4679],[-76.1347,-8.5726],[-76.1071,-8.6488],[-76.1395,-8.6666],[-76.1669,-8.7565],[-76.2034,-8.7533],[-76.1986,-8.7697],[-76.2231,-8.7855],[-76.245,-8.7515],[-76.2287,-8.745],[-76.2574,-8.7066],[-76.2483,-8.683],[-76.2695,-8.6525],[-76.2641,-8.6103],[-76.2873,-8.5854],[-76.2804,-8.5736],[-76.3058,-8.5732],[-76.2997,-8.5569],[-76.3251,-8.5243],[-76.3123,-8.501],[-76.3323,-8.4318],[-76.3667,-8.4115],[-76.4361,-8.4699],[-76.4698,-8.5713],[-76.4953,-8.5758],[-76.4948,-8.5496],[-76.5478,-8.4976],[-76.6971,-8.5325],[-76.7284,-8.515],[-76.7684,-8.5268],[-76.8044,-8.5106],[-76.8427,-8.5252],[-76.8647,-8.5663],[-76.8874,-8.5548],[-76.8971,-8.5688],[-76.936,-8.567],[-76.9542,-8.5453],[-76.9773,-8.5606],[-77.0116,-8.5377],[-77.0561,-8.5497],[-77.0917,-8.517],[-77.0819,-8.4873],[-77.1399,-8.4805],[-77.1338,-8.44],[-77.1046,-8.4448],[-77.0676,-8.3966],[-77.034,-8.4047],[-77.0004,-8.3824],[-76.9769,-8.3961],[-76.9684,-8.3712],[-76.927,-8.3593],[-76.9319,-8.3426],[-76.9012,-8.2835],[-76.9256,-8.2185],[-76.9118,-8.1589],[-76.9849,-8.1139],[-77.0245,-8.0492],[-77.1105,-8.0252],[-77.1505,-8.032],[-77.2319,-8.0117],[-77.2601,-8.0484],[-77.2967,-8.0626],[-77.3733,-8.0647],[-77.3857,-8.0547],[-77.3749,-8.0315],[-77.4072,-7.9928],[-77.3769,-7.9088],[-77.4108,-7.9005],[-77.4429,-7.8136],[-77.5255,-7.7683],[-77.5262,-7.7539],[-77.4833,-7.7202],[-77.4834,-7.6977],[-77.4592,-7.6869],[-77.4672,-7.6747],[-77.4979,-7.6864],[-77.5116,-7.6574],[-77.5384,-7.6502],[-77.5227,-7.6334],[-77.5284,-7.616],[-77.4858,-7.604],[-77.4969,-7.5827],[-77.5401,-7.5774],[-77.5225,-7.5069],[-77.5391,-7.5074],[-77.5597,-7.4642],[-77.6309,-7.4139],[-77.6217,-7.397],[-77.6392,-7.3437],[-77.6284,-7.3208],[-77.6474,-7.2415],[-77.6055,-7.2192],[-77.6155,-7.178],[-77.7128,-7.1085],[-77.707,-7.0685],[-77.7453,-7.021],[-77.7589,-6.9645],[-77.7072,-6.9082],[-77.7647,-6.7998],[-77.7319,-6.7835],[-77.748,-6.7458],[-77.7456,-6.6652],[-77.739,-6.6465],[-77.7017,-6.6769],[-77.6797,-6.6741],[-77.6434,-6.6224],[-77.6123,-6.6123],[-77.5688,-6.6382],[-77.5441,-6.677],[-77.4565,-6.6805],[-77.4056,-6.7262],[-77.3817,-6.6976],[-77.4379,-6.6025],[-77.3939,-6.6027],[-77.3805,-6.5692],[-77.3448,-6.5472],[-77.3264,-6.468],[-77.2732,-6.4065],[-77.2867,-6.331],[-77.2437,-6.3381],[-77.2215,-6.3811],[-77.1717,-6.3812],[-77.1324,-6.3048],[-77.2116,-6.2158],[-77.2192,-6.1943],[-77.2021,-6.1797],[-77.223,-6.1469],[-77.2805,-6.1422],[-77.3464,-6.1143],[-77.3587,-6.0728],[-77.3805,-6.08],[-77.3955,-6.0394],[-77.4193,-6.0324],[-77.4321,-6.0619],[-77.4769,-6.0],[-77.489,-6.0285],[-77.5366,-6.0637],[-77.5668,-6.0281],[-77.5964,-6.0333],[-77.5977,-6.0044],[-77.6391,-6.0011],[-77.6699,-5.9794],[-77.6519,-5.9353],[-77.6831,-5.8776],[-77.6815,-5.8495],[-77.7461,-5.8351],[-77.7704,-5.7881],[-77.7594,-5.7298],[-77.7751,-5.6897],[-77.7364,-5.6093],[-77.7658,-5.539],[-77.757,-5.5139],[-77.7706,-5.4782],[-77.7488,-5.4599],[-77.7685,-5.438],[-77.7448,-5.4069],[-77.7168,-5.416]]]]}},{"type":"Feature","properties":{"departamento":"TACNA","coddep":"23","nombre":"Tacna"},"geometry":{"type":"MultiPolygon","coordinates":[[[[-70.266,-16.7796],[-70.2473,-16.8025],[-70.1813,-16.8179],[-70.1841,-16.8347],[-70.2438,-16.8602],[-70.2594,-16.9037],[-70.2472,-16.9524],[-70.227,-16.9594],[-70.1925,-16.941],[-70.1737,-16.9122],[-70.1484,-16.9219],[-70.1456,-16.9427],[-70.0953,-16.9858],[-70.0996,-17.006],[-70.0423,-17.0587],[-70.0403,-17.1277],[-70.0251,-17.1222],[-69.8986,-17.2209],[-69.8499,-17.2442],[-69.7905,-17.2353],[-69.7618,-17.2804],[-69.7311,-17.2955],[-69.6554,-17.2707],[-69.6446,-17.2875],[-69.5752,-17.2926],[-69.4673,-17.3735],[-69.4683,-17.5042],[-69.6654,-17.6599],[-69.796,-17.6462],[-69.8212,-17.6864],[-69.8217,-17.7438],[-69.8,-17.7623],[-69.7957,-17.8623],[-69.7472,-17.9439],[-69.7515,-17.9856],[-69.8131,-18.1145],[-69.8543,-18.1653],[-69.9802,-18.2703],[-70.0507,-18.2688],[-70.1497,-18.3184],[-70.3175,-18.3097],[-70.3767,-18.3509],[-70.4983,-18.2627],[-70.6795,-18.1618],[-70.8132,-18.0405],[-70.8877,-18.0093],[-70.8902,-17.9693],[-70.9431,-17.9138],[-71.0091,-17.8769],[-71.0963,-17.8682],[-71.1055,-17.8434],[-71.1394,-17.8215],[-71.0822,-17.7167],[-71.0171,-17.7092],[-70.993,-17.6791],[-70.9125,-17.6874],[-70.88,-17.5557],[-70.7367,-17.4083],[-70.7524,-17.3806],[-70.7467,-17.3514],[-70.7057,-17.2912],[-70.7159,-17.2737],[-70.6841,-17.2243],[-70.5551,-17.1977],[-70.4913,-17.0902],[-70.4487,-17.0807],[-70.4392,-17.0504],[-70.4632,-17.0044],[-70.4432,-16.9643],[-70.465,-16.9444],[-70.4416,-16.8924],[-70.4407,-16.84],[-70.3179,-16.7753],[-70.266,-16.7796]]]]}},{"type":"Feature","properties":{"departamento":"TUMBES","coddep":"24","nombre":"Tumbes"},"geometry":{"type":"MultiPolygon","coordinates":[[[[-80.2852,-3.4128],[-80.2211,-3.4377],[-80.245,-3.4858],[-80.2157,-3.5],[-80.205,-3.5522],[-80.2186,-3.5739],[-80.1882,-3.5984],[-80.1987,-3.6894],[-80.1802,-3.7352],[-80.1927,-3.7747],[-80.1604,-3.8024],[-80.1585,-3.8698],[-80.1272,-3.8881],[-80.1398,-3.9125],[-80.2168,-3.957],[-80.2345,-3.9485],[-80.2623,-3.9994],[-80.2981,-4.0173],[-80.3656,-3.9818],[-80.4451,-3.9961],[-80.4511,-4.031],[-80.4799,-4.0549],[-80.474,-4.0796],[-80.5173,-4.0982],[-80.5898,-4.2141],[-80.6227,-4.2319],[-80.7351,-4.178],[-80.8828,-4.1928],[-80.9237,-4.1695],[-80.9676,-4.1726],[-80.9713,-4.1271],[-81.0193,-4.1128],[-81.0419,-4.0829],[-80.9642,-3.959],[-80.8336,-3.8758],[-80.7882,-3.7493],[-80.7536,-3.7182],[-80.5755,-3.6306],[-80.4977,-3.4992],[-80.461,-3.5059],[-80.4053,-3.4852],[-80.4411,-3.4948],[-80.416,-3.4964],[-80.421,-3.5128],[-80.398,-3.5043],[-80.3371,-3.4561],[-80.3132,-3.4045],[-80.3185,-3.3818],[-80.2852,-3.4128]]]]}},{"type":"Feature","properties":{"departamento":"UCAYALI","coddep":"25","nombre":"Ucayali"},"geometry":{"type":"MultiPolygon","coordinates":[[[[-74.4714,-7.2762],[-74.4635,-7.2986],[-74.3702,-7.3173],[-74.3443,-7.3447],[-74.284,-7.3542],[-74.2537,-7.3437],[-74.1416,-7.3778],[-74.1329,-7.4008],[-74.0391,-7.4489],[-74.0365,-7.4812],[-73.983,-7.5344],[-73.9786,-7.5615],[-73.889,-7.6036],[-73.9005,-7.6402],[-73.8681,-7.6753],[-73.8392,-7.6669],[-73.8178,-7.7173],[-73.7148,-7.7424],[-73.7117,-7.7609],[-73.6885,-7.7671],[-73.6782,-7.858],[-73.7355,-7.8788],[-73.7615,-7.8606],[-73.7552,-7.8923],[-73.7723,-7.9092],[-73.7403,-7.9297],[-73.7479,-7.9474],[-73.7268,-7.9658],[-73.7056,-7.9547],[-73.668,-8.0131],[-73.6392,-8.0065],[-73.6169,-8.0343],[-73.6263,-8.0575],[-73.5845,-8.1287],[-73.5957,-8.1646],[-73.5714,-8.2237],[-73.5874,-8.2409],[-73.5263,-8.2708],[-73.5423,-8.3497],[-73.4413,-8.4254],[-73.4067,-8.4313],[-73.3881,-8.4702],[-73.3318,-8.474],[-73.341,-8.6168],[-73.3193,-8.6109],[-73.2555,-8.6902],[-73.1672,-8.6983],[-73.1146,-8.7844],[-73.112,-8.8193],[-73.0777,-8.8422],[-73.0589,-8.9058],[-72.9997,-8.9175],[-72.968,-8.981],[-72.9411,-8.9845],[-72.9631,-9.0121],[-72.9465,-9.033],[-72.94,-9.0932],[-72.9582,-9.143],[-73.0261,-9.1779],[-73.0033,-9.1954],[-73.0093,-9.2224],[-73.0735,-9.2346],[-73.1073,-9.2753],[-73.1014,-9.3081],[-73.1314,-9.3183],[-73.1484,-9.3541],[-73.1888,-9.3632],[-73.1863,-9.3969],[-73.2004,-9.4114],[-72.7163,-9.4122],[-72.6951,-9.4394],[-72.5768,-9.4559],[-72.5195,-9.4913],[-72.4075,-9.4772],[-72.3569,-9.4946],[-72.3186,-9.5438],[-72.2829,-9.5399],[-72.2882,-9.6032],[-72.2528,-9.6163],[-72.2603,-9.6418],[-72.2454,-9.6587],[-72.263,-9.7509],[-72.1514,-9.7974],[-72.1628,-9.8304],[-72.1359,-9.8749],[-72.1743,-9.9309],[-72.15,-9.9663],[-72.1804,-9.9997],[-71.375,-10.0001],[-71.3428,-9.9668],[-71.2982,-9.9922],[-71.254,-9.9766],[-71.2532,-9.9629],[-71.2205,-9.9697],[-71.1397,-9.857],[-71.1022,-9.8532],[-71.0512,-9.8158],[-70.9939,-9.8172],[-70.9634,-9.7489],[-70.9238,-9.7413],[-70.8361,-9.6432],[-70.7933,-9.6385],[-70.7861,-9.6143],[-70.7572,-9.6043],[-70.7507,-9.5604],[-70.7298,-9.5703],[-70.7148,-9.5471],[-70.6632,-9.526],[-70.5958,-9.4425],[-70.496,-9.4255],[-70.5116,-9.4478],[-70.5048,-9.4633],[-70.5249,-9.4612],[-70.5057,-9.5046],[-70.5137,-9.4928],[-70.5443,-9.5141],[-70.5421,-9.5377],[-70.5706,-9.5329],[-70.5553,-9.5719],[-70.5875,-9.5673],[-70.5891,-9.5489],[-70.6002,-9.5604],[-70.5856,-9.5756],[-70.5982,-9.6076],[-70.5847,-9.6408],[-70.5252,-9.715],[-70.5459,-9.7788],[-70.5596,-9.7895],[-70.5778,-9.7778],[-70.6234,-9.8205],[-70.6138,-9.8734],[-70.6395,-9.8844],[-70.6485,-9.9516],[-70.6676,-9.9707],[-70.6569,-9.9997],[-70.6723,-10.0231],[-70.6521,-10.0401],[-70.6499,-10.0795],[-70.6982,-10.118],[-70.7064,-10.1614],[-70.8032,-10.2512],[-70.8808,-10.262],[-70.874,-10.3007],[-70.8895,-10.3351],[-70.968,-10.3356],[-70.9584,-10.3896],[-71.005,-10.4308],[-71.0245,-10.4782],[-71.1285,-10.5047],[-71.1468,-10.531],[-71.1646,-10.5313],[-71.1653,-10.5696],[-71.1962,-10.5799],[-71.2208,-10.6367],[-71.2063,-10.6522],[-71.2313,-10.6852],[-71.2155,-10.7149],[-71.2216,-10.7767],[-71.2587,-10.7849],[-71.2727,-10.8528],[-71.3083,-10.8778],[-71.354,-10.9498],[-71.5081,-10.9661],[-71.532,-10.9521],[-71.6617,-10.9832],[-71.7017,-10.9738],[-71.716,-10.9979],[-71.7293,-10.9837],[-71.7802,-10.9878],[-71.8285,-11.0119],[-71.847,-10.9957],[-71.9384,-11.0039],[-72.0108,-10.9877],[-72.0544,-11.0111],[-72.125,-10.9956],[-72.1279,-10.9798],[-72.1583,-11.0053],[-72.1735,-10.9955],[-72.1853,-11.0088],[-72.1765,-11.039],[-72.1931,-11.0497],[-72.1833,-11.0926],[-72.1482,-11.0878],[-72.1202,-11.1181],[-72.2068,-11.1723],[-72.1865,-11.1849],[-72.2189,-11.2969],[-72.2046,-11.3474],[-72.246,-11.3462],[-72.255,-11.3299],[-72.2801,-11.3396],[-72.2838,-11.3169],[-72.3077,-11.307],[-72.315,-11.3218],[-72.3383,-11.3171],[-72.4034,-11.3571],[-72.4236,-11.3552],[-72.449,-11.3858],[-72.499,-11.395],[-72.5167,-11.432],[-72.5336,-11.4392],[-72.5351,-11.4254],[-72.5477,-11.4483],[-72.5537,-11.4321],[-72.5961,-11.44],[-72.6003,-11.4185],[-72.6095,-11.4399],[-72.6172,-11.4178],[-72.6456,-11.4128],[-72.6657,-11.3859],[-72.6923,-11.3957],[-72.7124,-11.3474],[-72.7177,-11.3621],[-72.7382,-11.3474],[-72.795,-11.3846],[-72.797,-11.3644],[-72.7997,-11.3856],[-72.8162,-11.3751],[-72.8227,-11.3896],[-72.8904,-11.3432],[-72.8947,-11.3583],[-72.9328,-11.3504],[-72.9244,-11.3274],[-72.9617,-11.3349],[-72.9595,-11.3142],[-72.9444,-11.3099],[-72.9404,-11.3227],[-72.9325,-11.3073],[-72.9556,-11.3046],[-72.9356,-11.2908],[-72.9679,-11.2662],[-72.9771,-11.2123],[-73.065,-11.2844],[-73.0821,-11.2733],[-73.1317,-11.2939],[-73.206,-11.2902],[-73.256,-11.3125],[-73.3417,-11.311],[-73.4086,-11.386],[-73.4679,-11.3437],[-73.4822,-11.3536],[-73.4841,-11.3185],[-73.4592,-11.3009],[-73.4498,-11.2368],[-73.4711,-11.0885],[-73.4826,-11.0652],[-73.5426,-11.0474],[-73.5726,-10.9545],[-73.5603,-10.8606],[-73.6104,-10.8466],[-73.7421,-10.734],[-73.782,-10.7506],[-73.7869,-10.7941],[-73.8142,-10.7999],[-73.813,-10.8892],[-73.8622,-10.9788],[-73.8527,-11.1643],[-73.8631,-11.1691],[-73.8906,-11.1697],[-73.9165,-11.1431],[-73.9546,-11.1504],[-73.9759,-11.1255],[-74.0072,-10.9913],[-74.1557,-10.9988],[-74.1909,-10.986],[-74.2028,-11.021],[-74.2564,-11.0182],[-74.3732,-11.0566],[-74.4503,-11.0019],[-74.4965,-11.0002],[-74.5084,-10.9503],[-74.57,-10.9152],[-74.548,-10.891],[-74.4871,-10.889],[-74.4827,-10.8354],[-74.4311,-10.813],[-74.3868,-10.8131],[-74.3744,-10.7886],[-74.3839,-10.7475],[-74.3503,-10.7547],[-74.2869,-10.6704],[-74.2589,-10.6804],[-74.2528,-10.6595],[-74.2276,-10.6518],[-74.2297,-10.6346],[-74.1599,-10.6406],[-74.1362,-10.6717],[-74.131,-10.6547],[-74.1341,-10.5991],[-74.1787,-10.4886],[-74.2529,-10.4171],[-74.242,-10.3832],[-74.2627,-10.3637],[-74.2369,-10.3216],[-74.2522,-10.3051],[-74.2272,-10.2773],[-74.2306,-10.1863],[-74.3029,-10.1648],[-74.315,-10.1132],[-74.367,-10.1129],[-74.3899,-10.0513],[-74.4188,-10.0257],[-74.411,-9.9147],[-74.4533,-9.8636],[-74.4472,-9.7771],[-74.4901,-9.6852],[-74.4938,-9.5922],[-74.5748,-9.5727],[-74.5935,-9.5074],[-74.5811,-9.4766],[-74.6626,-9.4549],[-74.7094,-9.4222],[-74.6543,-9.3688],[-74.6274,-9.3648],[-74.5872,-9.2966],[-74.6245,-9.2156],[-74.6365,-9.1255],[-74.6781,-9.094],[-74.6514,-9.0488],[-74.6692,-9.0203],[-74.6479,-8.9958],[-74.6443,-8.9188],[-74.6242,-8.8887],[-74.6183,-8.832],[-74.5322,-8.7761],[-74.5266,-8.755],[-74.5471,-8.5846],[-74.583,-8.5511],[-74.6303,-8.5504],[-74.8471,-8.6615],[-74.8522,-8.7631],[-74.9407,-8.8579],[-75.1226,-8.881],[-75.1084,-8.9223],[-75.1348,-8.946],[-75.1197,-8.9835],[-75.1739,-9.0116],[-75.1624,-9.034],[-75.2012,-9.0638],[-75.2065,-9.1013],[-75.2419,-9.1021],[-75.2119,-9.1764],[-75.2422,-9.2209],[-75.2719,-9.2334],[-75.279,-9.2763],[-75.3139,-9.3021],[-75.3341,-9.2888],[-75.3722,-9.3102],[-75.452,-9.2963],[-75.4878,-9.3727],[-75.6007,-9.4138],[-75.6705,-9.4179],[-75.6711,-9.3859],[-75.695,-9.3639],[-75.6886,-9.3494],[-75.7057,-9.3363],[-75.7202,-9.2772],[-75.764,-9.2378],[-75.7638,-9.2171],[-75.7961,-9.2027],[-75.8379,-9.0619],[-75.8919,-9.002],[-75.8838,-8.9727],[-75.9279,-8.8445],[-75.9216,-8.7808],[-75.9479,-8.7225],[-75.8913,-8.6602],[-75.8337,-8.6522],[-75.8168,-8.636],[-75.7783,-8.5464],[-75.7992,-8.5122],[-75.7845,-8.4943],[-75.7165,-8.4869],[-75.6873,-8.4233],[-75.6181,-8.4083],[-75.5723,-8.4446],[-75.5108,-8.432],[-75.4196,-8.4515],[-75.4772,-8.3864],[-75.4827,-8.3455],[-75.5101,-8.3348],[-75.4938,-8.3287],[-75.5029,-8.2894],[-75.4377,-8.195],[-75.4392,-8.1749],[-75.3981,-8.1685],[-75.3761,-8.1388],[-75.3455,-8.1294],[-75.3235,-8.1393],[-75.2879,-8.1255],[-75.2354,-8.1505],[-75.1893,-8.079],[-75.1857,-8.0184],[-75.1494,-8.0018],[-75.1441,-7.9791],[-75.0333,-7.9501],[-74.9823,-7.969],[-74.8879,-8.0842],[-74.779,-8.0424],[-74.7279,-7.981],[-74.6684,-7.9456],[-74.628,-7.9398],[-74.5697,-7.816],[-74.5156,-7.7778],[-74.5243,-7.7571],[-74.5589,-7.7475],[-74.5821,-7.706],[-74.5762,-7.6372],[-74.6431,-7.5623],[-74.6429,-7.5001],[-74.6161,-7.435],[-74.5795,-7.4099],[-74.5355,-7.2938],[-74.5001,-7.262],[-74.4714,-7.2762]]]]}}]}